SubjectID,problems_attempted,total_attempts,total_solved,completion_rate,avg_attempts,std_attempts,max_retries,min_attempts,proportion_reattempts,success_rate,first_attempt_success_rate,avg_score,std_score,compile_error_rate,active_days,avg_events_per_day,total_events,X-Grade,Cluster
00358c94503a8d9e6869efc6e5cdb0e1c8e9eb39b1fd4670206aa82503a575dc,30,133,30,1.0,4.433333333333334,6.99,39,1,0.774,1.0,0.3,0.361,0.424,0.492,66,11.83,781,59.38,1
014604ba54339d4b1266cf78e125053a5ac11dd861ef3cc0b4ed777ed0e2af0a,30,161,29,0.967,5.366666666666666,6.2,22,1,0.814,0.967,0.333,0.402,0.42,0.302,63,10.71,675,97.0,1
01e96e066eff2e82627dac0493737be2de9bd2f50d6d498bb6420906c7164c05,20,77,15,0.75,3.85,3.36,15,1,0.74,0.75,0.3,0.385,0.373,0.367,66,6.89,455,59.46,0
03000c72d4dd6a4be44ffc175dec5d9a15a83a2f8073b08b27be1fb7638cc466,30,190,29,0.967,6.333333333333333,9.0,45,1,0.842,0.967,0.333,0.436,0.405,0.325,67,13.75,921,73.05,1
0461c96c9cc0058f709704605f24136f373ba4e9ac083a1157d0976f1b6e8419,29,215,26,0.897,7.413793103448276,5.74,22,1,0.865,0.897,0.103,0.428,0.372,0.258,69,14.13,975,73.13,1
048fce7bd5670d2ce6215f41856aea059973fb280ce1067c7896d7e982dce89a,30,148,30,1.0,4.933333333333334,5.42,26,1,0.797,1.0,0.333,0.545,0.453,0.347,70,9.73,681,32.25,1
04ed28ab2b2a010c686bf190a5f001dfdc7d9ec41859048d64d141b976f46d31,30,78,30,1.0,2.6,1.9,7,1,0.615,1.0,0.467,0.583,0.457,0.347,63,4.79,302,76.99,2
0685c8001a43b03e0a155e1afa0c7bec2f4e82d24f7ce4843b25a441c45dd335,25,228,21,0.84,9.12,9.0,34,1,0.89,0.84,0.08,0.336,0.382,0.392,63,19.38,1221,70.2,3
072db31ce670255297c5d67fd00068faf81a7f50223b5a5af0f555aa69815fe0,30,31,30,1.0,1.0333333333333334,0.18,2,1,0.032,1.0,0.967,0.833,0.376,0.167,62,2.13,132,56.25,2
07445b2803cfbba249af9f27deaabc1c2aa5fd49745cd11637d45d1e8f939c2b,30,134,30,1.0,4.466666666666667,6.11,24,1,0.776,1.0,0.6,0.601,0.42,0.299,65,8.68,564,51.75,1
07c8b5fb98feb87d3ee0c873b94852d521cf159de84010db6455466d6e6b52cf,30,157,29,0.967,5.233333333333333,6.1,28,1,0.809,0.967,0.3,0.424,0.422,0.415,65,9.85,640,68.25,1
080e819b7f2ec7fdf5df10abc0092a6ae39db49584244ea555a9ce18c8d57c53,30,248,29,0.967,8.266666666666667,11.49,49,1,0.879,0.967,0.333,0.444,0.416,0.391,66,12.26,809,56.19,1
08f436c2b6962c5a4e083d443715d94da0d3a54c21d025783f5da882205b521a,29,176,29,1.0,6.068965517241379,8.89,42,1,0.835,1.0,0.379,0.474,0.408,0.339,62,11.63,721,53.0,1
090e9df6cea280094ad11cf71385d27c1badc3396add08ff163af9cab4184ff1,30,134,30,1.0,4.466666666666667,4.26,21,1,0.776,1.0,0.267,0.437,0.449,0.442,65,10.31,670,60.46,1
091dc109aa58c7a670f4b61bc23df548fec73c05c7582dfb7c51f3a925d3618f,30,176,30,1.0,5.866666666666666,6.12,25,1,0.83,1.0,0.133,0.425,0.434,0.366,63,13.0,819,68.44,1
092f648c8f4deefbd5a15a17825410afefdde05a559fea8c487245797e3f3b27,30,227,23,0.767,7.566666666666666,7.69,31,1,0.868,0.767,0.2,0.298,0.397,0.525,69,15.29,1055,90.25,3
0971feccb4757660518949d4320c4ef50975fc055f4083ae75dc9a362f5d8a46,30,153,30,1.0,5.1,5.7,19,1,0.804,1.0,0.367,0.394,0.396,0.324,68,10.62,722,82.21,1
0973288c77f97c9245c444f90526bc6137bc40b48200197fd5bb6134f618f165,30,251,30,1.0,8.366666666666667,11.74,57,1,0.88,1.0,0.2,0.482,0.373,0.257,66,11.89,785,49.89,3
097f7a6103e61039a9dadac5e7d7eb65aa451121de8b30ad2a147c5aafb440c7,30,319,29,0.967,10.633333333333333,11.55,44,1,0.906,0.967,0.133,0.35,0.373,0.37,63,21.97,1384,82.19,3
098d08de95d38eeec0842ad11e1e98d03c5afff456588f8ec0e9b2842aae39a3,21,83,16,0.762,3.952380952380953,2.65,10,1,0.747,0.762,0.238,0.482,0.427,0.338,66,5.55,366,86.16,0
09db7ba4c23b61069909ed92ec0cb34ff8e34868badc0a1a6bfdf336ce989511,29,56,29,1.0,1.9310344827586208,1.69,9,1,0.482,1.0,0.552,0.722,0.411,0.226,28,5.5,154,18.75,2
0abe1b008e37697d60391129deac748704d6105881949c60dff38453777ffb43,22,54,20,0.909,2.4545454545454546,1.99,8,1,0.593,0.909,0.455,0.569,0.437,0.329,42,4.43,186,74.16,2
0ad1e8e19521af38467ce62dbba5cf3531f17875bc11e7aa53e1b8584ca1bc4f,30,315,30,1.0,10.5,10.81,44,1,0.905,1.0,0.1,0.376,0.384,0.344,65,18.69,1215,84.98,3
0c65552abe0d2731c2f0bcde5e3885e7b364b17ae9396a91fbf7d3970ce00378,30,410,30,1.0,13.666666666666666,16.96,79,1,0.927,1.0,0.1,0.382,0.374,0.332,64,34.11,2183,39.56,3
0d38364f7e61ffa23af02082de12cb8c5786cddea6f83ae2156aa0cb41ec5509,30,82,30,1.0,2.7333333333333334,2.86,12,1,0.634,1.0,0.533,0.562,0.473,0.39,64,4.95,317,53.75,2
0d4ffc8959a9277ed564ffa0be4fa178fc778a551acea42c7b477a06545e5764,30,140,30,1.0,4.666666666666667,6.29,29,1,0.786,1.0,0.367,0.381,0.437,0.498,66,11.36,750,79.48,1
0ff8e00eabc873cbfaa0832c3aa0e4a4b03e6f72593a71ecf7e5b2e4d0c82e06,30,118,28,0.933,3.933333333333333,4.23,17,1,0.746,0.933,0.333,0.381,0.405,0.303,63,9.94,626,83.25,1
109c6e9ad83923fec425f5948621a620bad8efb25d507dbead8bcfa627bc55e6,30,112,30,1.0,3.733333333333333,2.96,12,1,0.732,1.0,0.233,0.451,0.433,0.34,62,9.4,583,93.25,1
10e19a731f11c88176364d6ac435b630c522b5acbb234bb07adccf8efd540b9c,29,196,21,0.724,6.758620689655173,6.52,26,1,0.852,0.724,0.172,0.31,0.364,0.442,68,14.4,979,91.0,0
117a01c81c6ec62f7b6d2b97ea41f349a1f2b57f713e3065c1576abab742ea46,30,360,24,0.8,12.0,11.11,36,1,0.917,0.8,0.067,0.372,0.362,0.274,70,20.41,1429,45.91,3
11d2c55502f841ac3d2c5c9d23348319d368e166d76af06498da4c4bd5ef7e83,30,160,30,1.0,5.333333333333333,3.92,14,1,0.812,1.0,0.133,0.375,0.392,0.401,65,14.35,933,78.7,1
120c591b0e4c359e86472f0277aba65125a0e102b24630520b7670b9b7b1d9a5,30,138,27,0.9,4.6,4.38,16,1,0.783,0.9,0.333,0.38,0.421,0.412,69,8.3,573,83.17,1
125ae2e6409e498cf96017e4f7168a1612ea2f181a0ea99530cfafb7b3a64807,30,306,30,1.0,10.2,11.25,43,1,0.902,1.0,0.1,0.282,0.377,0.479,67,20.4,1367,89.91,3
1274deb6dd5637d775d619b4b2449b40dd2179007cb88f0e36b1ccf91f18dd6e,30,33,30,1.0,1.1,0.4,3,1,0.091,1.0,0.933,0.888,0.318,0.111,64,1.5,96,65.26,2
138c4c9a5ae1f9ffc53e24e3083b2514b5d9aa6b12467d60b62c8929816e189f,30,288,30,1.0,9.6,9.04,41,1,0.896,1.0,0.067,0.311,0.39,0.512,68,20.15,1370,82.51,3
13b34a353ac9ea6554f0bfc998b55f394ed800dfc03b32dc37d311d2551a5749,30,144,30,1.0,4.8,5.18,23,1,0.792,1.0,0.3,0.404,0.458,0.531,62,7.95,493,70.71,1
1403518ce5c6beb4b9b3ce77105c7fe32cd2520aed96f2124f56858098693244,30,119,30,1.0,3.966666666666667,4.27,16,1,0.748,1.0,0.4,0.484,0.435,0.329,67,6.22,417,47.75,1
14540c305603b931be46726208aae2f2bdde7974a4bab9ca6cbb345b571c959c,29,147,24,0.828,5.068965517241379,5.18,18,1,0.803,0.828,0.276,0.372,0.422,0.48,70,8.81,617,68.84,1
155464e7a35faffd6b3b4f2e6b757098204e8a24221641b58ee8156acfd2e1fc,30,94,30,1.0,3.1333333333333333,3.12,16,1,0.681,1.0,0.433,0.549,0.461,0.357,63,5.13,323,77.78,1
15c5366a784c8d6598742c335e8b43b08f1942248cfd1c1ca6dd8bca414aac97,30,132,30,1.0,4.4,7.53,41,1,0.773,1.0,0.467,0.459,0.425,0.407,67,8.63,578,74.91,1
15e7a100916541060e16055751255f31e525b2bc2efcedc3081955d8aa18193b,30,98,28,0.933,3.2666666666666666,2.52,10,1,0.694,0.933,0.2,0.518,0.426,0.293,42,7.17,301,85.66,1
164d9a5499b7224c7fcbed2f0b76c8041bd544beb86187837dbc3837a78506ea,30,180,29,0.967,6.0,6.09,27,1,0.833,0.967,0.2,0.466,0.41,0.283,62,11.97,742,71.71,1
166572dff8d5aedada06bc75f068301e14a3c203b9fd850bf4606292acd135f5,28,100,25,0.893,3.571428571428572,2.85,13,1,0.72,0.893,0.179,0.447,0.444,0.418,70,7.46,522,86.84,1
16d4c5bf7eb5f6e804de07bd9f16ac0c6242adaecf20fa778a69734dd8e8aba8,30,219,30,1.0,7.3,4.74,20,2,0.863,1.0,0.0,0.305,0.396,0.484,66,14.79,976,52.31,1
16f38c9409d1652e79f9e6bc1b17605416787f67c1a5822c984a63c21eabd743,30,79,19,0.633,2.6333333333333333,2.13,12,1,0.62,0.633,0.333,0.574,0.429,0.316,64,4.2,269,52.71,0
17111411f938d9a2cc954eeaa5a6f8d675929b11c07168f5d59a4e58fc140b48,30,314,20,0.667,10.466666666666669,12.29,48,1,0.904,0.667,0.267,0.266,0.357,0.508,63,22.22,1400,87.66,3
171bb8faae3a5b2d210aaf5d57da0ea8dee2d4d05d6760d33aac71861d9a1cc2,30,231,30,1.0,7.7,11.72,65,1,0.87,1.0,0.167,0.343,0.371,0.405,66,15.5,1023,79.0,3
18cff3f609168fc4bf5e7df1869409cb4026387a8530d8bc522fdeba67576fb6,30,408,27,0.9,13.6,19.83,99,1,0.926,0.9,0.1,0.203,0.347,0.555,66,26.88,1774,72.67,3
19700138aba73d2a48b106fe7c2d72ed0b8f228906e7f41e266664a91b451a54,30,149,30,1.0,4.966666666666667,5.29,22,1,0.799,1.0,0.233,0.429,0.43,0.38,65,8.75,569,88.91,1
19b3277cda3fe10ec63ecd0517453b399e386ea3a475c891f3a2e7b55c246fba,20,40,20,1.0,2.0,2.1,9,1,0.5,1.0,0.7,0.499,0.475,0.422,62,4.15,257,49.03,2
1a0e91f519c0393d7d327f110988b2358b5fb944149f79840d417a0d279a7033,30,146,24,0.8,4.866666666666666,3.79,15,1,0.795,0.8,0.133,0.389,0.412,0.396,65,8.72,567,71.57,1
1c74dd0c87312999b28efb7af3aed752614eb8cc7e8fa5523e4f4441aaf4f64a,30,73,30,1.0,2.433333333333333,3.19,16,1,0.589,1.0,0.567,0.571,0.434,0.281,65,4.38,285,77.56,2
1e07cd29e230f3661645dcb909fda7759b80e0adf98716a5b82e22aa93a8223c,30,62,30,1.0,2.066666666666667,5.28,30,1,0.516,1.0,0.867,0.485,0.502,0.515,66,6.24,412,30.75,2
1ec64cfe094fceca729f1241b83dde22ed39131b6494448919af8cb2308cc0f3,19,61,12,0.632,3.210526315789474,3.24,12,1,0.689,0.632,0.474,0.422,0.48,0.545,69,6.16,425,48.44,0
1f0e4c406443bc8a01467fd0f5b45a0aa4e95fded6b2c5d85ac532727bfd3c6d,30,56,30,1.0,1.8666666666666667,1.43,5,1,0.464,1.0,0.633,0.624,0.481,0.368,66,4.21,278,61.06,2
1fa47ac7759a6ce7a6345af6515630bf1b0493c63c56c65ec1867dd8e850486c,29,105,27,0.931,3.6206896551724137,3.95,19,1,0.724,0.931,0.414,0.496,0.439,0.31,65,5.94,386,81.41,1
1ff64286fcc902f2048b851d7b5ee3bbb7715d1802021574aaf5dfef71b68ae6,30,263,30,1.0,8.766666666666667,11.81,48,1,0.886,1.0,0.167,0.323,0.378,0.386,61,21.21,1294,75.89,3
20300013d055d63c747accf06b9f7c94f8d736c3d5c89fe52b71857de90ecaaf,30,302,30,1.0,10.066666666666666,10.42,45,1,0.901,1.0,0.133,0.321,0.395,0.499,70,17.73,1241,46.25,3
2086b883938e4bc640227dc92935bcb8862c2fe6523a4cf6f5996fb761530d0b,30,193,27,0.9,6.433333333333334,6.92,37,1,0.845,0.9,0.1,0.345,0.422,0.496,62,14.27,885,40.06,1
2092db8fa7b1c7c1facd32157dc0deaddf316e12f67d5f4eddfb2135663c8ed4,20,89,20,1.0,4.45,4.51,20,1,0.775,1.0,0.2,0.401,0.481,0.568,69,7.71,532,43.5,1
2111bfba5699b3c98ce0857b7c6addbb85365d9d0e0ee156d5e6431ff5f5138e,30,233,28,0.933,7.766666666666667,9.44,34,1,0.871,0.933,0.2,0.378,0.382,0.348,68,12.06,820,49.5,1
21b2a371c603c1881c816d27fa28fb5d05088aa770b7fdc4d5a04492d93612c0,30,183,28,0.933,6.1,7.65,33,1,0.836,0.933,0.167,0.381,0.422,0.449,68,10.84,737,94.41,1
21f4a3d24142021f5ac9990df481128a358c88afbe0e65bed2714e0d8ba741b7,30,148,30,1.0,4.933333333333334,5.17,20,1,0.797,1.0,0.233,0.453,0.431,0.351,68,8.16,555,52.44,1
22d436278c2d2678362e2b3102b5bfa9227eecad30f599801b730e0cc7acd1c6,29,201,24,0.828,6.931034482758621,8.92,38,1,0.856,0.828,0.241,0.408,0.386,0.293,65,12.18,792,67.1,1
23d73ca299f02110f10fe0b18902fd2ea5ad124d3a061f110083353b3899c369,30,149,30,1.0,4.966666666666667,5.32,23,1,0.799,1.0,0.333,0.401,0.411,0.333,66,10.17,671,89.25,1
23e416c6f9deb987ac8f8f136e8551133ba63c734122e2f82eaeec72b03bad9e,30,278,26,0.867,9.266666666666667,10.58,42,1,0.892,0.867,0.1,0.326,0.384,0.395,63,16.35,1030,65.54,3
2464d583948e7369200abe0db2a33c62a383e9915104e6869b17f8f89244de0d,30,152,20,0.667,5.066666666666666,3.45,14,1,0.803,0.667,0.1,0.366,0.369,0.303,69,7.8,538,67.18,0
24dcd2add1dae7e58c63cdb26cee768e08c609bab1b2e74f9872a8b1ecf5a87c,30,38,30,1.0,1.2666666666666666,0.83,5,1,0.211,1.0,0.867,0.841,0.356,0.103,65,2.66,173,61.69,2
24ee79621dbf0eed211a4c01075637ff475e766822d52105aed6ef92d5ae81e7,30,289,29,0.967,9.633333333333333,10.99,47,1,0.896,0.967,0.133,0.319,0.392,0.407,69,12.87,888,67.75,3
257bcb82ac5a481a11654e40bf2a244aae7d108fd7b43545c8023b1289ffc718,30,106,30,1.0,3.533333333333333,3.22,12,1,0.717,1.0,0.167,0.532,0.439,0.329,66,7.95,525,94.0,1
269ff40c212993b357d07bfcee0ee3ef1b9c246c8088f739fc5d692625d0536b,30,255,30,1.0,8.5,11.77,61,1,0.882,1.0,0.067,0.43,0.398,0.314,64,13.3,851,61.09,3
275839578ec60b5084d5e18fccb01310e9f1b78293cad00bec043945e0f3e629,30,175,30,1.0,5.833333333333333,7.73,39,1,0.829,1.0,0.3,0.412,0.392,0.282,62,13.03,808,70.3,1
2845b5edd3c2b977894675d6c83996f92f5ac3cc4f0a61a494a34e8d8a99b774,30,82,30,1.0,2.7333333333333334,2.0,9,1,0.634,1.0,0.367,0.67,0.425,0.26,70,4.24,297,62.16,2
29a2de3c53a0710f4668b8f6124dba329a0a717b691cc03156a76febf4f5bacf,30,60,30,1.0,2.0,2.35,14,1,0.5,1.0,0.467,0.652,0.395,0.143,63,4.14,261,80.75,2
2a50ac545f30b02200c4f18f694ce7e0ce691e9f509c38d8beebf3b4dd046b53,28,199,27,0.964,7.107142857142857,8.1,41,1,0.859,0.964,0.179,0.434,0.364,0.216,42,14.6,613,79.5,1
2a8a36c089cd1496e33ac575235d75b159f8c3ee9aa282c2d6f360aa08cb6dd0,30,115,30,1.0,3.8333333333333335,3.91,18,1,0.739,1.0,0.267,0.383,0.449,0.477,65,9.51,618,76.57,1
2a9dda5adde456cb4c1ec3735fde1d4591c3b0780ef3d82b8c7fed613382e82f,30,277,30,1.0,9.233333333333333,11.06,39,1,0.892,1.0,0.267,0.329,0.384,0.377,69,15.99,1103,77.44,3
2b0607c49f2d11be55e2e00304d8ac144a5900bb82d1b5d9b1a2405de57193d1,29,54,28,0.966,1.862068965517241,3.94,22,1,0.463,0.966,0.931,0.618,0.452,0.282,44,4.39,193,53.26,2
2b094c4248c216c84aca0e3dbdd79ba28f43b7e9912a7d2190688321f51e5a7a,30,190,29,0.967,6.333333333333333,7.73,36,1,0.842,0.967,0.133,0.338,0.409,0.491,65,16.82,1093,80.65,1
2b2ac07813fde25641019289246d80a85054b31d93cd9dd4d8f4a3e717a017e1,30,198,29,0.967,6.6,4.77,19,1,0.848,0.967,0.1,0.365,0.397,0.343,69,12.22,843,96.16,1
2b3914caff931aa5015d0eb4aaafd67d3bdfdd372af2fba048c8bacd98896fdc,20,51,20,1.0,2.55,3.76,17,1,0.608,1.0,0.7,0.596,0.451,0.284,58,3.76,218,86.5,2
2bd924c625258c3d7c9399287b1e634338d5a3d34d8b4c4793ba7b2d2568d386,30,98,29,0.967,3.2666666666666666,3.44,15,1,0.694,0.967,0.5,0.579,0.466,0.377,67,6.84,458,28.81,1
2c9fa506526e2b23545345c0a1efe9c815b2c429078b653fe4bea62113636a9b,30,165,30,1.0,5.5,6.01,22,1,0.818,1.0,0.333,0.436,0.422,0.384,64,11.09,710,43.75,1
2cb5647803ac30eb527cd977610f7ed1140e4488daddf7cdef80e3fd08b506e1,30,195,30,1.0,6.5,6.94,32,1,0.846,1.0,0.133,0.392,0.434,0.462,70,10.04,703,55.71,1
2d67f378787ef0d9249858e62cf661911d5eadf100662e2a590b8086d87b3518,30,56,30,1.0,1.8666666666666667,2.01,8,1,0.464,1.0,0.767,0.631,0.467,0.319,42,5.81,244,54.75,2
2ddee81d097f550d3cb4a5197f616502bbf5cba763db4afca0c88f9c6f6c355d,30,135,30,1.0,4.5,7.1,36,1,0.778,1.0,0.6,0.37,0.443,0.519,66,11.12,734,44.5,1
2dea2a547b0c8f5941d4565073ac4423acfe59e2139b3d4ae5144ee135fa8eff,30,61,30,1.0,2.033333333333333,2.3,10,1,0.508,1.0,0.733,0.652,0.447,0.295,68,3.4,231,30.06,2
2f002333e3ee078069a370adede771895a413b747a8039cfe1f8b6d5f579fcc5,30,257,30,1.0,8.566666666666666,9.6,39,1,0.883,1.0,0.1,0.308,0.397,0.496,67,20.25,1357,88.66,3
2fb0f5c78100f8b718dc32b6582ef9e998b041716a0629e2917ac2c01c5a44e2,25,133,19,0.76,5.32,6.26,28,1,0.812,0.76,0.24,0.37,0.403,0.406,64,10.98,703,76.53,0
2ffb606aea8bd4eef9727bf7981c9005a53d3cf6e71d9728f4b1b857bf402e9a,30,77,28,0.933,2.566666666666667,1.55,6,1,0.61,0.933,0.367,0.493,0.483,0.478,65,4.65,302,57.56,1
30aae560ce0a3972dc3f50351720e01b23781624046c4cc447523790793cdccd,30,266,30,1.0,8.866666666666667,11.25,48,1,0.887,1.0,0.3,0.362,0.43,0.533,63,15.57,981,56.57,3
30c3cfd79bdbd5af40c1c98fdb35f86d4063932bb980ab41105faeb500bb7a59,30,145,30,1.0,4.833333333333333,7.03,25,1,0.793,1.0,0.567,0.482,0.459,0.335,65,7.46,485,33.0,1
3139ea2a50e3a141080518e586ca669193eae16c2639b9e1b17b3fe42e21cfae,30,91,29,0.967,3.033333333333333,3.82,19,1,0.67,0.967,0.433,0.508,0.464,0.421,67,5.99,401,65.71,1
314e5c52ec835e5c1b1832b3e1a51d45713ba0307bd9ca8fb86cb95e7ddcafe0,30,62,30,1.0,2.066666666666667,1.08,4,1,0.516,1.0,0.4,0.701,0.387,0.1,68,3.41,232,97.0,2
31b11d75b4a9a6d590424f3421ca62cccd2f2cd81855c0851712ce03213627ac,30,112,29,0.967,3.733333333333333,3.84,14,1,0.732,0.967,0.367,0.508,0.428,0.293,65,6.66,433,79.26,1
31b69aaaba9a335ba0261babc8396d24d0af8f580d5f6192e6040ad649c78593,30,189,30,1.0,6.3,5.11,18,1,0.841,1.0,0.1,0.408,0.395,0.303,65,10.43,678,65.78,1
321ceeadc24ba2a88fba401927295f3c972429fcf3873d45a5cd9134279987cb,30,190,30,1.0,6.333333333333333,6.73,25,1,0.842,1.0,0.267,0.386,0.412,0.441,65,17.32,1126,85.03,1
322817f4854f2f71b85db9d2e7c04e4a44c91ea866c689f277a658abc7d22b12,30,150,16,0.533,5.0,5.45,25,1,0.8,0.533,0.233,0.375,0.396,0.419,66,9.11,601,35.44,0
33679030a680f82f27c52195f2df9309d0d846d440cc31ac591a01297bb9b6b1,27,204,19,0.704,7.555555555555555,8.06,37,1,0.868,0.704,0.222,0.26,0.383,0.628,65,17.65,1147,35.98,0
33d11b837cec96010145671e6661210fd68f3004627f8929038256ca7a8d8ebf,30,140,30,1.0,4.666666666666667,4.74,20,1,0.786,1.0,0.167,0.481,0.417,0.322,69,7.25,500,84.65,1
345dad5114b3cd453211fb2463b2677b927fb8bed5528f041e0451dfd0f2dca2,30,432,30,1.0,14.4,21.39,97,1,0.931,1.0,0.1,0.285,0.355,0.426,65,32.32,2101,64.44,3
349cf265b30475874348c4e1b4520dc39d2668fe73f446cde11ed834aef06f6d,30,100,30,1.0,3.333333333333333,2.93,13,1,0.7,1.0,0.3,0.469,0.467,0.465,62,6.39,396,69.17,1
350b154fe2ab6eab25424af7cf5dd0a2a324a7853b9b56c9792a7278eb102323,30,236,30,1.0,7.866666666666666,7.29,36,1,0.873,1.0,0.133,0.384,0.428,0.435,64,16.05,1027,44.25,1
351cff49ce968bd6bb542470c3004131a5042932b5f2cb0e7ea8492770b77485,30,173,30,1.0,5.766666666666667,7.76,41,1,0.827,1.0,0.3,0.363,0.443,0.547,65,22.15,1440,48.0,1
3551a84cfdcf198093e6688149f7456eaa54bad8b74b878e984b0a7bf0859533,20,92,20,1.0,4.6,3.86,15,1,0.783,1.0,0.1,0.506,0.419,0.292,18,13.11,236,64.53,2
3568b95554d7b990289169b9eec3ab615228f845fcdf9cbd71bbb4994cd93a7e,30,124,30,1.0,4.133333333333334,4.27,18,1,0.758,1.0,0.4,0.484,0.418,0.313,65,7.58,493,83.23,1
35dc3b84aaff8203e801d6da20df9f8e2677abd0d623f5e4f5eecfe0f42d43fc,29,260,28,0.966,8.96551724137931,9.94,34,1,0.888,0.966,0.103,0.335,0.372,0.411,66,17.73,1170,59.55,3
39c6aa59ad63e9299ccc79651cdfdb45b84559308e246d42dd9c0afe04931d3b,30,166,29,0.967,5.533333333333333,6.48,28,1,0.819,0.967,0.233,0.335,0.416,0.522,66,12.44,821,44.26,1
3a1e59019ccaa8bc0f560a4042b1415d5fb7b0436c1f665d309b3f6cefea7d83,30,93,29,0.967,3.1,2.73,13,1,0.677,0.967,0.367,0.505,0.484,0.418,66,6.39,422,46.5,1
3a6fe01402333cdf3412fc08782a0ac13adeddf1953ee1df98fb770a0c2ca9ca,30,93,30,1.0,3.1,6.99,39,1,0.677,1.0,0.633,0.49,0.485,0.434,67,5.28,354,44.15,1
3c6c8b8647f1b51ec51557e9916c655923e73b1b0b8de099f40db81460e78611,30,312,30,1.0,10.4,11.86,57,1,0.904,1.0,0.233,0.371,0.395,0.422,70,18.64,1305,63.55,3
3cb67a933d12398e70b2725fb801a8834eecdf236a06ce510c4b0fc9332ed37e,30,190,27,0.9,6.333333333333333,6.39,25,1,0.842,0.9,0.267,0.298,0.385,0.454,64,13.91,890,73.88,1
3d3ce5a7f0af95c6a2b8bb6e20cd9f348a8fc9ebf70c178f44f77d7fd97f3988,30,161,19,0.633,5.366666666666666,5.67,23,1,0.814,0.633,0.3,0.341,0.378,0.373,68,9.82,668,77.66,0
3d85bc081b5cbae4e23792cd67c1c0fd9af811e86418a20d777c3fbe812ba910,30,293,30,1.0,9.766666666666667,14.05,70,1,0.898,1.0,0.167,0.347,0.386,0.43,65,18.22,1184,50.06,3
3dd595f1c364df95de6a2779dbdf8cb0c660db26823bfffc83262cab4f0bf48d,30,240,30,1.0,8.0,9.01,30,1,0.875,1.0,0.233,0.435,0.444,0.417,65,12.31,800,52.5,1
3dfcfacbb1498f304ff7e39552626c8b5578a4d4ec265756b2b5db6b7083fcfd,30,164,30,1.0,5.466666666666667,6.7,29,1,0.817,1.0,0.333,0.367,0.445,0.485,61,10.1,616,53.25,1
3e202088a0f6c909bd3cfe90eb3217d09828f13c78f9198e7ca8e9fd7c2346a1,20,144,20,1.0,7.2,6.59,23,1,0.861,1.0,0.1,0.308,0.371,0.484,68,19.01,1293,52.5,3
3e5bc8253fdf89efe4e527be1f12228e3c08f488ddcb89fca66342206d94c21d,30,117,30,1.0,3.9,5.02,24,1,0.744,1.0,0.467,0.451,0.453,0.461,69,9.09,627,55.19,1
3e88c0584a41035de2c85904f13d7e5f03eab562308106eb2d9c7d8d1d5f65fb,30,62,27,0.9,2.066666666666667,2.45,11,1,0.516,0.9,0.667,0.58,0.482,0.382,65,3.78,246,19.0,2
4082ac64b81101cbebcabd3b8b597bf7966896898674d507e118e3c0367ac800,30,176,28,0.933,5.866666666666666,6.59,25,1,0.83,0.933,0.333,0.344,0.441,0.556,63,11.35,715,41.55,1
4084d3cef1c2290e1892fc32ffc6a6aa14c4d3fcc067a67710b66e7ef3acef0d,30,173,18,0.6,5.766666666666667,5.19,18,1,0.827,0.6,0.167,0.33,0.388,0.428,64,12.2,781,92.25,0
40c1d250c97702986524dae1c4014dbac4abddab4fbfd395737f4e2fe64a247d,30,152,30,1.0,5.066666666666666,4.46,21,1,0.803,1.0,0.1,0.35,0.407,0.385,65,11.85,770,88.53,1
41c3080c5f248cfc29a94b2c08f3bf85bd76feca895c6424fe528a4f32f68297,27,202,22,0.815,7.481481481481482,8.35,37,1,0.866,0.815,0.222,0.35,0.413,0.5,64,18.02,1153,57.25,3
4208d3bf74a956f3eae084d69b195b09a132a8b7ca3034e20a5968cd5069ca5a,30,320,30,1.0,10.666666666666666,11.72,50,1,0.906,1.0,0.1,0.342,0.387,0.464,67,20.3,1360,91.55,3
420ae6e6934b0e972b1be3faba699f2e7a920227c7947089f4e85b73f739c6c3,30,317,29,0.967,10.566666666666666,15.52,75,1,0.905,0.967,0.267,0.377,0.392,0.427,63,19.89,1253,62.99,3
4225b96eae6636e51ed4b87746263b9e5d0e927d67326324fbf1544230fa6fb8,30,102,30,1.0,3.4,3.55,13,1,0.706,1.0,0.533,0.518,0.461,0.391,67,6.94,465,36.71,1
438f91a3a02080977006d5b4ee2c29f6e0d0b58e848dc92712f3982a1449f481,30,178,29,0.967,5.933333333333334,6.8,36,1,0.831,0.967,0.167,0.349,0.44,0.568,68,14.4,979,60.42,1
4433080be68eabdd338bda9c8c30bee3fc1f696b6212f13bcb77721e1d738c7a,30,207,30,1.0,6.9,7.06,26,1,0.855,1.0,0.1,0.359,0.396,0.432,65,18.03,1172,66.07,1
445c2ca905d33514cd3757e1141d0239349ca6678c20cd5eedab38fbe2fd36f9,30,113,30,1.0,3.7666666666666666,3.11,13,1,0.735,1.0,0.233,0.537,0.43,0.172,69,7.81,539,67.16,1
449937d5271942b2d0c07fc71449158bee6643ea7d7ac857b9830d6116b8a310,16,98,15,0.938,6.125,8.27,36,1,0.837,0.938,0.125,0.348,0.388,0.362,64,8.41,538,78.0,0
44d672753c127edb16541ef7388a9308087224b97a2e63469e3c0dbb93da30e8,30,163,30,1.0,5.433333333333334,7.46,40,1,0.816,1.0,0.3,0.543,0.421,0.291,68,9.31,633,97.0,1
44f98305d8141153036b7a868b6d3e301a408c441ffb1e6b7540ac7771125e1d,21,133,18,0.857,6.333333333333333,6.68,25,1,0.842,0.857,0.19,0.346,0.412,0.5,62,14.52,900,75.28,0
453482ae02a485dd6eda2426eae4181835e1451a36229f550d4efb9d8a7a9470,28,168,26,0.929,6.0,7.85,30,1,0.833,0.929,0.286,0.406,0.42,0.419,65,11.89,773,40.5,1
4557b3c2bc31d36048e3c48befc7212d35b7d0d885d3d1f102c9060238b5090a,30,180,28,0.933,6.0,6.69,28,1,0.833,0.933,0.2,0.363,0.411,0.469,63,13.46,848,55.11,1
45c08529fc638c300feeb27a726d997626694ac3793087acc34e51f0a6e170e8,30,287,30,1.0,9.566666666666666,10.68,31,1,0.895,1.0,0.233,0.377,0.378,0.237,67,16.45,1102,71.66,3
47d6fa4dc8d5f007836a2fefd0f13ee0525a09ff49264081f042460c2d34939f,30,171,24,0.8,5.7,4.52,17,1,0.825,0.8,0.1,0.379,0.407,0.396,64,9.38,600,61.02,1
48002b47ecdcaeb4828400130c7d77959319f9ae612dfbd03a91f7422c093ac7,30,91,29,0.967,3.033333333333333,3.37,14,1,0.67,0.967,0.5,0.504,0.425,0.323,70,5.79,405,66.71,1
4887493a4c162023900f9a757f005b44a190e6013e8cfe41fae1324ad26aff63,30,110,30,1.0,3.6666666666666665,5.01,24,1,0.727,1.0,0.4,0.582,0.417,0.271,65,5.32,346,90.25,1
488e7f64166c2e857c7a8c30c495984ba63faddc7646bebe0cac48319b6b4a17,30,44,30,1.0,1.4666666666666666,0.78,4,1,0.318,1.0,0.667,0.708,0.452,0.26,65,3.37,219,24.0,2
4897b70947bf82f7a5a3e217001e6be4a9b8bd7cea9711ec56500afa9a02a515,30,194,25,0.833,6.466666666666667,7.53,31,1,0.845,0.833,0.233,0.395,0.391,0.281,67,9.48,635,76.41,1
48f565383f47c6752893810686bd0c5f07fef08e34bc22a3f398d3b8c8db7c43,30,187,27,0.9,6.233333333333333,7.17,29,1,0.84,0.9,0.2,0.304,0.414,0.551,66,12.23,807,56.91,1
4a444e27b858bf82025d0b344afbd88305265b408c399956e235cd17727db3b4,30,93,24,0.8,3.1,1.99,8,1,0.677,0.8,0.267,0.433,0.437,0.395,66,6.03,398,71.41,1
4a4ab02bfece06b8e9d88299cfff8b2df4c71cb1a3b77d327fbf01da0ecb4987,30,97,30,1.0,3.2333333333333334,4.26,18,1,0.691,1.0,0.467,0.273,0.409,0.637,64,18.59,1190,48.5,1
4aec718f8185e90a5b0cf97a85857e677103220e78b5ed3c18da8b1e16d40b95,30,288,28,0.933,9.6,9.94,36,1,0.896,0.933,0.067,0.329,0.383,0.393,65,18.32,1191,69.76,3
4b0e6319833596d58072abae8af94102ae54198c1385145eede5e55b2e94ae8a,30,104,30,1.0,3.466666666666667,3.3,13,1,0.712,1.0,0.3,0.607,0.344,0.16,66,8.32,549,94.41,1
4b36c56a1a588b01a543da0d4a8091b10ff3f5e1f4a8c4cb531405e51e47d23e,30,77,30,1.0,2.566666666666667,3.49,16,1,0.61,1.0,0.567,0.576,0.423,0.143,64,4.42,283,97.41,2
4b8100007af443512c1dd509a1342436f9b963be101587975be2764314d0ca68,30,137,30,1.0,4.566666666666666,3.2,13,1,0.781,1.0,0.167,0.471,0.423,0.325,64,8.25,528,59.89,1
4b9647fd16286b9d48f8957d016408d48324837a2dc4726070225737e5764791,30,116,30,1.0,3.866666666666666,4.28,16,1,0.741,1.0,0.567,0.51,0.466,0.397,65,7.91,514,41.25,1
4b9d476385096c42149ad8a1b35edf317f99c9d61ffc348d8950ab0c31cf543f,11,42,10,0.909,3.8181818181818175,3.76,12,1,0.738,0.909,0.364,0.4,0.446,0.519,65,4.62,300,79.72,0
4c4aca72fe030fe5563fb249ce9152645d4e7a98f00fde37c62d7f0a4b78780d,30,134,30,1.0,4.466666666666667,4.97,20,1,0.776,1.0,0.333,0.463,0.411,0.258,65,8.45,549,70.82,1
4d1ccd3b1393438168aeac88ee6d753d95c33c77fcc46afa13a5415a265323c2,30,153,30,1.0,5.1,6.32,27,1,0.804,1.0,0.3,0.363,0.429,0.508,43,14.23,612,51.0,1
4d34572db62871b8fed75a40eaf827867044b536a795be11eac1a1ac78c909b7,30,60,30,1.0,2.0,1.58,7,1,0.5,1.0,0.6,0.697,0.439,0.276,60,3.67,220,57.25,2
4ed6385442789c13f187542a75c25ce22295ae4d5286d8bb321926accc327942,30,83,27,0.9,2.7666666666666666,1.76,8,1,0.639,0.9,0.233,0.55,0.439,0.305,62,5.06,314,58.07,1
4ed6af94d2babfb73aae073691a59e8e6a1beb6bfaf77b75dac470cfc3b33199,30,141,26,0.867,4.7,3.76,13,1,0.787,0.867,0.233,0.441,0.426,0.357,66,7.68,507,54.94,1
4f803c4f3466d829bc74ad7bf98f1767adad548d1c0d9e25b45b5b84b3220471,29,232,29,1.0,8.0,6.83,26,1,0.875,1.0,0.138,0.344,0.4,0.454,65,17.32,1126,67.75,1
5076c7de3c667c84d2ca7fd969f9df9fd327dc2f1857e3d60625555a2e5440df,30,204,30,1.0,6.8,7.9,32,1,0.853,1.0,0.233,0.374,0.388,0.35,66,15.53,1025,86.25,1
50e6842e7bfdeb000cb9754c8e940ff8d26e9c987b32fa9c765cd6f1c2a7df99,30,126,26,0.867,4.2,4.42,22,1,0.762,0.867,0.267,0.41,0.415,0.347,69,8.81,608,79.5,1
510dd42fcb5e39a40bf7110252cf9606a3a53c97cff32e2b5df43d5f8ad373fc,30,31,30,1.0,1.0333333333333334,0.18,2,1,0.032,1.0,0.967,0.909,0.29,0.091,65,1.86,121,47.42,2
519b74a02a32927ee8af772a01038d36736eb2aaeb604f8a15719710d72ccc04,30,407,27,0.9,13.566666666666666,15.94,76,1,0.926,0.9,0.067,0.269,0.349,0.442,61,24.9,1519,68.97,3
53a6166821a8283bfffd1ba2d422ad4d81a71118145da6cba3f6134219ceaeb4,22,59,20,0.909,2.6818181818181817,3.06,13,1,0.627,0.909,0.591,0.532,0.459,0.371,41,4.63,190,45.77,2
53b87d41de61b0eb5ef6562222f1f3bcd5b5ce1da053e57f47b6ed23d7aa8502,30,161,30,1.0,5.366666666666666,7.16,39,1,0.814,1.0,0.333,0.51,0.444,0.333,65,7.34,477,47.66,1
54750e433d92006537b7a49eedc6002e0c97db298cb995f21f8746b7c79d43ce,30,112,29,0.967,3.733333333333333,3.32,11,1,0.732,0.967,0.267,0.325,0.459,0.646,63,8.22,518,40.5,1
55201ba1af31bded5fa75c43d04b75046f3a91a7c88d19ffb0c4497b4815a716,30,40,30,1.0,1.3333333333333333,1.09,6,1,0.25,1.0,0.9,0.822,0.381,0.173,42,3.29,138,47.19,2
568755496a2b5ecc57c97f1ae8c52203ab643081ca1b008a1d43e66edfc75eea,30,168,28,0.933,5.6,6.81,32,1,0.821,0.933,0.233,0.513,0.408,0.217,66,11.39,752,82.19,1
570df8c7a9f77bb2889ba29eb35271e4e2340fd1709d075882800ac637643e15,30,146,30,1.0,4.866666666666666,5.95,26,1,0.795,1.0,0.533,0.428,0.457,0.482,65,9.48,616,37.75,1
57204251806dead2a0fa57a8ced7cac019acf134ccef4a141a934e49fdf271b1,30,38,30,1.0,1.2666666666666666,0.69,4,1,0.211,1.0,0.833,0.814,0.388,0.182,64,3.64,233,31.5,2
5727fa1d0cb394af6963d460c256bc9fc3f351d90438650cb93aaedbad149274,30,151,25,0.833,5.033333333333333,6.61,35,1,0.801,0.833,0.233,0.399,0.389,0.341,66,8.24,544,90.66,1
57c8de458e9794ddf8608ecaad5ef4caafb0bffa9309db4f1ffcba7d70494958,30,37,30,1.0,1.2333333333333334,0.63,4,1,0.189,1.0,0.833,0.771,0.423,0.229,63,3.46,218,45.25,2
5876d6b16f56408be737f35e84f06d5ece4d77728aec511387189fcaf90ab8e6,30,52,30,1.0,1.7333333333333334,2.42,11,1,0.423,1.0,0.867,0.664,0.467,0.321,65,4.38,285,50.25,2
58d15b072ff2a6593f6d28a2d335006deb119f7a88b83f0f04b913231aea4c14,30,74,30,1.0,2.466666666666667,2.58,12,1,0.595,1.0,0.6,0.625,0.42,0.252,63,4.32,272,44.0,2
5952b6d60763e61ee8e276d8af7831dd8eef96984fecc19ca63005c0b71406b8,30,207,29,0.967,6.9,9.77,45,1,0.855,0.967,0.167,0.372,0.408,0.35,68,14.66,997,94.41,1
59743abb508a8061e5064ce47120200c86a3885ce2baf4214adc7128cba65113,29,402,29,1.0,13.862068965517242,10.5,48,1,0.928,1.0,0.034,0.306,0.382,0.519,71,21.04,1494,26.78,3
598c03472e7a8089a50c5cf01bb63e48c05f1a79ee4898185c5f1ef294d8622a,30,182,29,0.967,6.066666666666666,8.14,32,1,0.835,0.967,0.4,0.417,0.378,0.282,65,12.11,787,77.66,1
599efafe1ee22c8ae0d531c08a7919660730bd5c7e5c055f926a492d0d32d15c,30,181,29,0.967,6.033333333333333,7.83,33,1,0.834,0.967,0.267,0.402,0.396,0.352,61,10.82,660,60.25,1
59f2772aca8841b648b639f06ea61c875e56429d850688ab68e3caa8a9ce9230,30,146,30,1.0,4.866666666666666,5.13,19,1,0.795,1.0,0.267,0.436,0.411,0.289,60,12.22,733,82.68,1
5a1106a954a34a68d7655fd3114f0f8854501159f28c4c43d52ee69d2561f852,30,223,26,0.867,7.433333333333334,6.04,22,1,0.865,0.867,0.133,0.339,0.419,0.491,65,13.05,848,55.44,1
5a703f620dbab029a3ac801c3fc85ef4327a5f0a751b852f650bf14b9b44459b,30,210,24,0.8,7.0,6.6,27,1,0.857,0.8,0.1,0.299,0.401,0.533,61,13.95,851,49.0,1
5a8bbd7a0887dfcfee9cd1f97e7ba9e568741cb632f3121b5b7d4f3e90e85b79,30,163,30,1.0,5.433333333333334,6.67,28,1,0.816,1.0,0.267,0.407,0.45,0.519,70,11.09,776,68.69,1
5bf51d9d557047465e7df540ed0bba927d10ca876cb6dea1ca203b3578e22749,30,274,29,0.967,9.133333333333333,10.75,42,1,0.891,0.967,0.3,0.429,0.358,0.236,65,13.34,867,57.73,3
5c075290e921279538ad0cbf9786e8855bd2c7f97a066c94d059d313cb34273b,30,344,22,0.733,11.466666666666669,13.45,57,1,0.913,0.733,0.2,0.278,0.348,0.454,70,18.21,1275,61.23,3
5cf32f9151895f7869e8af1d91c81444a0d3157ad5f4484dcbcab8a29d6bc6ac,30,44,30,1.0,1.4666666666666666,1.01,5,1,0.318,1.0,0.767,0.715,0.434,0.243,63,3.22,203,53.25,2
5d60fc4768a0d01e3d533d2d5353bdffb58877bc2971bc7053a54071fa4c2f49,25,133,24,0.96,5.32,3.78,13,1,0.812,0.96,0.12,0.501,0.403,0.27,65,9.34,607,75.96,1
5d734055d34325b8555585971e61749072749fe0dd403b352327766c9565a3d4,30,120,30,1.0,4.0,6.23,29,1,0.75,1.0,0.5,0.409,0.465,0.539,62,11.61,720,57.0,1
5d8f70bd6845bb11e5e533b38a03d26b56f00096d8cec1c1411ac5b9c31b0ba4,30,246,29,0.967,8.2,9.64,36,1,0.878,0.967,0.1,0.418,0.381,0.251,64,14.12,904,64.67,3
5d9f9703addb3ca96358f6e54fc8e93cbbd462e886cef2d450e4edd2e53367fb,30,75,30,1.0,2.5,1.89,9,1,0.6,1.0,0.4,0.62,0.453,0.322,64,5.33,341,18.0,2
5e343daf8dbc5830a280addbd51c369e21a7633c9818bffb3bd4fceaa6cd9b91,30,142,30,1.0,4.733333333333333,4.51,21,1,0.789,1.0,0.233,0.477,0.441,0.383,65,8.32,541,57.94,1
5e8589d4cd67c4b88f84e378d72875ccd07de5c9e20cc666bbf217de9d3567b4,30,91,30,1.0,3.033333333333333,3.0,14,1,0.67,1.0,0.433,0.635,0.389,0.135,68,4.75,323,89.45,2
5ee88efb44a62c560639acbabf95fc60f46ad4f3f8aa6492729a4a5e0c610371,18,50,14,0.778,2.7777777777777777,2.24,9,1,0.64,0.778,0.389,0.454,0.431,0.388,41,4.32,177,60.05,0
5f1183e16dafd122ced695b93e88ae02e9f396ed43ba8fd6ec0dbd993eaf8521,22,56,21,0.955,2.5454545454545454,2.56,9,1,0.607,0.955,0.591,0.586,0.466,0.321,65,3.25,211,57.45,2
603b719e6471994bdf33806120a875c35f2e50eca461afc38d3349744fed1523,22,104,18,0.818,4.727272727272728,3.44,14,1,0.788,0.818,0.091,0.344,0.408,0.441,65,8.46,550,50.03,0
60b6b4248d890504734beb13a2cc6574d9d4dc7bae94c84898d2a83ad80d68af,30,149,30,1.0,4.966666666666667,4.75,18,1,0.799,1.0,0.2,0.452,0.427,0.31,65,8.86,576,97.41,1
60dc13afd9db46855db7cb4b46b2429c473ae61d93c867bb13914cc0ee137a78,30,215,28,0.933,7.166666666666667,6.36,24,1,0.86,0.933,0.267,0.381,0.382,0.306,68,14.12,960,84.25,1
62387ab8fdba76cc516bdbbaca2765132990182f1d0464ae4ebbb4804d555c4e,30,296,28,0.933,9.866666666666667,13.65,71,1,0.899,0.933,0.2,0.243,0.37,0.58,62,22.45,1392,40.5,3
6269c7359593be379dd4d205e5a26a060242995f18689f94d78d85120725e51f,30,422,30,1.0,14.066666666666666,23.54,102,1,0.929,1.0,0.133,0.328,0.363,0.313,61,26.64,1625,89.16,3
62fcdb6ab7d866469212eb68cea38fd06fa6c92dc597ad7711f73cb039111976,30,242,30,1.0,8.066666666666666,8.38,41,1,0.876,1.0,0.067,0.371,0.401,0.432,70,15.77,1104,67.0,3
6441cd44226ffccd5cda9825c82156f6989c0ac691ecbcdbb06ba44c2c03e0e4,30,226,29,0.967,7.533333333333333,5.81,28,1,0.867,0.967,0.033,0.381,0.431,0.434,65,15.86,1031,75.0,1
66315ff24583d48c4bc24a5d45d6cfcc13d6f6ff54c3f5ceb7db8694ae75c9d2,22,126,21,0.955,5.727272727272728,6.57,27,1,0.825,0.955,0.182,0.409,0.452,0.526,65,10.06,654,53.91,1
67010df78663529aee482809d36765b8f1fc70fcbc5f1d53546f9ea6dfff5384,30,338,30,1.0,11.266666666666667,12.65,46,1,0.911,1.0,0.067,0.44,0.384,0.278,63,25.05,1578,73.64,3
690ef8482b21fa77fdf533db95daa5559db82ef7106ee5514dd0cbff9efeb769,30,261,25,0.833,8.7,8.1,32,1,0.885,0.833,0.067,0.314,0.388,0.48,63,17.43,1098,72.17,3
69ea8e8a316c3f982db0286a71ca33c251b858994e27bb848e628967df9d15f9,30,193,30,1.0,6.433333333333334,5.76,19,1,0.845,1.0,0.167,0.385,0.403,0.355,63,13.08,824,73.15,1
6a0df1d84e433375ec7966810d37e6b3ce1d544a2c45f8e2723efbfe41a81185,30,140,25,0.833,4.666666666666667,3.99,21,1,0.786,0.833,0.2,0.403,0.418,0.414,67,8.46,567,66.81,1
6a5b01acb5938854fb9425824d8b66d0b236e11bcf8085e016fde962fa5a7366,30,457,30,1.0,15.233333333333333,17.25,65,1,0.934,1.0,0.067,0.31,0.379,0.487,66,30.06,1984,62.28,3
6a91389bf293538f8bfd1747ffc38730176f9e72e8ed7004fabc8cd25e69df6b,30,143,30,1.0,4.766666666666667,7.46,28,1,0.79,1.0,0.4,0.525,0.447,0.366,62,7.31,453,42.53,1
6b689d246c11ea35bf66a151aa4d7d83d1e1b11f9f3a3876c5d609048ea310f8,30,201,30,1.0,6.7,5.76,27,1,0.851,1.0,0.1,0.332,0.396,0.483,65,13.74,893,39.42,1
6b6e8c7036722d03a34126403e7106d3512a2d4b72bcd8bde651614e8ad42d7b,30,178,30,1.0,5.933333333333334,5.39,25,1,0.831,1.0,0.133,0.431,0.414,0.372,69,8.36,577,56.75,1
6be598179d8e68ef732257b8de5f85523abc10ebe027a4a8501670b3e61490fc,30,387,30,1.0,12.9,16.8,59,1,0.922,1.0,0.333,0.356,0.347,0.3,70,26.64,1865,79.94,3
6d1c41cdb7671eefe3cb4edcba409e21b0b5a8196f6ff13cae446850bd0983a1,30,72,30,1.0,2.4,2.36,12,1,0.583,1.0,0.533,0.41,0.448,0.492,64,7.95,509,59.25,1
6d7f68c6bb26c8342bf3a3e21bb30c4a24aa6ccd9d3319af32684e6641052dcd,27,115,23,0.852,4.25925925925926,5.22,25,1,0.765,0.852,0.407,0.488,0.42,0.332,65,7.17,466,66.03,1
6dd7cb5359f54edb9eb0becd33d19118d3e93e266ef7644cf7b9ad2b9ed1262d,19,89,15,0.789,4.684210526315789,3.8,12,1,0.787,0.789,0.263,0.41,0.431,0.429,61,7.8,476,66.53,0
6dfd9d97502d751109e542d97716cf9a38a444ec1e8cbf874c61db1d334fb231,12,88,6,0.5,7.333333333333333,6.93,19,1,0.864,0.5,0.25,0.264,0.41,0.68,63,7.97,502,52.74,0
6f8b95ec81c4c65578c705246889ade2223999b1383dbb36d4aae1502b94f22f,30,89,30,1.0,2.966666666666667,3.29,14,1,0.663,1.0,0.567,0.52,0.488,0.455,65,7.55,491,42.0,1
7018f9f84b61c5801779302689a34fef5b2e9d95f52479d9ef486efda2e55c21,30,83,30,1.0,2.7666666666666666,2.47,10,1,0.639,1.0,0.467,0.469,0.489,0.48,62,7.06,438,59.0,1
7026047c5e9f18234ed92d0bc1518a2a4944fc2a9a0bb90628e20b2d93e7f9ae,30,162,30,1.0,5.4,7.32,29,1,0.815,1.0,0.433,0.496,0.427,0.337,65,7.46,485,63.01,1
709635bebab736333367c7bca08fa9c12cf33c6b545144515f0a216431b46b5f,30,240,30,1.0,8.0,9.77,38,1,0.875,1.0,0.167,0.404,0.389,0.342,66,16.71,1103,86.3,3
70c18da6f06c6019e8911fef1496654f45df0fdd83a53367b94f03f028e357de,30,162,27,0.9,5.4,7.01,37,1,0.815,0.9,0.3,0.455,0.393,0.22,64,8.11,519,80.16,1
71bee40f7f97afa9b8cf069df923fa444e07b495f1736e1f9e23863fd894297c,29,147,27,0.931,5.068965517241379,4.01,15,1,0.803,0.931,0.172,0.382,0.442,0.469,62,11.39,706,65.41,1
720652a25d4ab67f2e7d9fa3b13023e92f3f21024e2157034de2773d5583053d,30,47,30,1.0,1.5666666666666669,1.65,8,1,0.362,1.0,0.8,0.637,0.483,0.363,64,4.97,318,51.5,2
72912d3e1bed520f38d91a588343df13dface79dc26911a4541d894d69c1a6a7,30,31,30,1.0,1.0333333333333334,0.18,2,1,0.032,1.0,0.967,0.867,0.343,0.133,66,2.83,187,61.75,2
73da0df025bd69a83446ff2c9628a7f2f1ff34bff9e343059e17e4d31a6218d3,30,214,27,0.9,7.133333333333334,5.82,20,1,0.86,0.9,0.1,0.436,0.412,0.36,63,12.95,816,66.73,1
753b3dfbf00b265816877af61db67c39ee3fae2b4e0a7b8f387b5163ff85b1bc,30,184,30,1.0,6.133333333333334,10.18,48,1,0.837,1.0,0.333,0.4,0.429,0.414,66,10.97,724,53.44,1
75de81c20d6f96afffc7becf1d76612842635a9c70167b482e233540738a97e5,30,242,27,0.9,8.066666666666666,10.55,53,1,0.876,0.9,0.133,0.308,0.388,0.449,65,17.48,1136,51.0,3
769d89fa68d5e578dd0f4592fc821f0f6abbaf1033147533ec0f6c4d8e6c6c2e,30,113,29,0.967,3.7666666666666666,3.4,15,1,0.735,0.967,0.3,0.359,0.462,0.582,61,10.1,616,69.31,1
76b0bf253c0d17b6f275cc641729eda42ebed851893da32c132515023ab1e4e1,30,315,25,0.833,10.5,11.64,47,1,0.905,0.833,0.167,0.333,0.385,0.431,63,22.21,1399,62.06,3
775c788e8a2f5f576ff0ee9289715b7dee98ea7c23ae8479ecb0461c09d5c0ff,30,182,28,0.933,6.066666666666666,5.73,20,1,0.835,0.933,0.2,0.353,0.445,0.536,65,11.54,750,54.75,1
783d2e787e0734118d21fb09957c03c8ccc292d3cd70fb690faa98f6a6cc9739,30,43,29,0.967,1.4333333333333331,1.5,9,1,0.302,0.967,0.833,0.794,0.392,0.191,66,2.67,176,35.25,2
7854ad4022596904b137ebbb044e0bbbd2f590b0dac7f5a46d9991f3c049d647,30,169,30,1.0,5.633333333333334,10.24,48,1,0.822,1.0,0.5,0.336,0.449,0.593,68,13.18,896,45.5,1
78b97b24e7b9929a2394388b957622713a424929419979469d005d10b34ed639,30,114,30,1.0,3.8,5.39,29,1,0.737,1.0,0.4,0.423,0.41,0.291,70,9.4,658,68.25,1
78cb6709ef3e4aa9ec5148bce49e841e9a6257b64dff512fdffde18f1e1fcd14,30,58,30,1.0,1.933333333333333,2.49,14,1,0.483,1.0,0.7,0.671,0.456,0.299,62,5.23,324,50.77,2
78d5895c4f5d7d4efde22983b4b710dbee0c928cbea6ae21affa0e925ac3df73,30,163,30,1.0,5.433333333333334,5.62,26,1,0.816,1.0,0.2,0.411,0.45,0.513,65,8.89,578,52.5,1
78ef135cef6cb29d44b91beb545a2a78dbdbc0a981735bad98640318a1b80b9b,30,59,30,1.0,1.9666666666666663,1.79,9,1,0.492,1.0,0.633,0.704,0.43,0.232,62,3.05,189,56.51,2
79113765c9b7d68839422b6221d02fc97323ff61ac02e38fb1055b89962fb74a,30,86,28,0.933,2.8666666666666667,2.96,12,1,0.651,0.933,0.6,0.51,0.473,0.388,64,5.92,379,56.69,1
798001d1fa1a0831f5bca0b644c70c03a31b7491cb51bf0c872a470ba434c8de,30,239,30,1.0,7.966666666666667,8.11,37,1,0.874,1.0,0.1,0.388,0.383,0.299,63,16.37,1031,100.0,3
79a7e9a5c619f2779d2e17ca557372d9f837457160fccee08e7c0ff5f851de9a,30,102,29,0.967,3.4,5.44,27,1,0.706,0.967,0.6,0.478,0.483,0.472,65,9.37,609,58.5,1
7a6026fd215e0059f3d620352b64b05a944244be51bbf22adc94eab05648a6d9,30,104,30,1.0,3.466666666666667,3.93,17,1,0.712,1.0,0.4,0.57,0.423,0.273,62,5.87,364,80.99,1
7c5b34dcc4ab16388cb8f7076fd575a78bf0eafe318b053da6af72fd244b8c24,30,242,27,0.9,8.066666666666666,8.14,35,1,0.876,0.9,0.133,0.382,0.417,0.448,70,13.13,919,42.47,1
7ce2ef889fd3931ddf910c65e58e6b626f658d713486152c54f9f8a0e6f37375,30,88,26,0.867,2.933333333333333,3.36,17,1,0.659,0.867,0.467,0.541,0.449,0.341,63,5.0,315,74.78,1
7e617933097884285054b322c76d243d4a210695dcbfcaa83da337f15bac3b7e,30,282,29,0.967,9.4,8.94,37,1,0.894,0.967,0.1,0.292,0.388,0.533,62,25.11,1557,66.25,3
7e93bf8ba9708c55865983f7a83a39ac766ee84bccbb1df4d9f9a37e7b3bdb43,30,105,29,0.967,3.5,3.44,14,1,0.714,0.967,0.4,0.59,0.411,0.221,64,7.67,491,77.5,1
8072f6579de3261211c2d30eb23619d2299179bf8835aed226d36f99aa88249d,30,96,28,0.933,3.2,2.02,8,1,0.688,0.933,0.267,0.426,0.469,0.516,65,7.88,512,50.15,1
807aa59e21f46f6ca52a49dbdc4ff1b58a9e238db54b494a63321654d158c0e9,30,371,30,1.0,12.366666666666667,11.86,53,1,0.919,1.0,0.1,0.41,0.393,0.353,66,19.65,1297,58.23,3
80b79645be384d8162597a76b28062cd35ea1019db9344ebd3f549d05246afa2,30,138,29,0.967,4.6,5.35,21,1,0.783,0.967,0.267,0.417,0.449,0.492,65,9.66,628,48.5,1
80cab1ce32c301533be0f55f91468a6bd0dc014abc98a56a4fb7f4828dbfe73f,30,191,30,1.0,6.366666666666666,6.11,21,1,0.843,1.0,0.133,0.389,0.432,0.5,66,13.29,877,58.19,1
814a76822c53611d1be66ef1f7a93c9a98a1a7d82e18234c0582a9a2040a319c,30,113,30,1.0,3.7666666666666666,3.95,21,1,0.735,1.0,0.367,0.56,0.448,0.319,62,7.42,460,64.67,1
81aadc08216233fb3ec392c41a57432e51f78e8bd6996aacb76ad6dc1477ddfa,30,117,27,0.9,3.9,4.72,23,1,0.744,0.9,0.233,0.488,0.424,0.263,68,5.24,356,69.82,1
831b82415f26f781c76d0c7427052516715d67868ec0faeaeffbb459f438c040,20,197,20,1.0,9.85,8.92,29,1,0.898,1.0,0.25,0.375,0.412,0.43,67,15.3,1025,45.25,3
832777ca15af30deab6512acb75b148fee8b049caabf9491352ba930951bbc99,30,384,26,0.867,12.8,12.83,47,1,0.922,0.867,0.033,0.323,0.372,0.419,64,20.59,1318,51.15,3
846245c30c8371ed901ad1856c2bf129e4824c6afec6a8aecfae1e7b49805594,30,183,30,1.0,6.1,9.17,50,1,0.836,1.0,0.4,0.397,0.443,0.487,70,9.49,664,58.25,1
8489b8668e001e627849ab14970d7c6debfe93d58351c826d6300c22114573c6,30,136,29,0.967,4.533333333333333,4.38,18,1,0.779,0.967,0.333,0.414,0.461,0.522,63,8.54,538,39.25,1
84ef557b626c0d70750b521cf708dec0bf4f19ee66c40f0518a21c80864cb99e,30,116,30,1.0,3.866666666666666,3.22,12,1,0.741,1.0,0.3,0.506,0.46,0.42,66,6.73,444,39.94,1
8535ef1089f557f019e2fa787114fa1819dadf2106ea8f0b82f86e57f914ea2d,28,186,19,0.679,6.642857142857143,8.78,34,1,0.849,0.679,0.214,0.325,0.397,0.518,68,12.87,875,43.25,0
8630de5bd303be8b63ba99b787f0f5ed4422765c8917b234cb8a2af6b762ca1d,30,173,30,1.0,5.766666666666667,7.03,35,1,0.827,1.0,0.233,0.479,0.438,0.326,65,10.35,673,34.25,1
86d73054aa9c80dbfbfce326489454f67087052ce0720f75ec87b849d851ce2b,30,154,24,0.8,5.133333333333334,6.99,35,1,0.805,0.8,0.333,0.395,0.43,0.48,65,8.35,543,47.78,1
87bc9471aaf330556f32e99fc91ca5c1d212e935de2fe03986332e62a7d3e179,30,96,28,0.933,3.2,3.45,12,1,0.688,0.933,0.467,0.545,0.47,0.295,67,4.96,332,36.25,1
88004885e79469596988ec6d6e8061843d12c39516326f4366b93059bf2e5e19,25,124,23,0.92,4.96,4.95,19,1,0.798,0.92,0.24,0.404,0.435,0.47,68,7.22,491,55.93,1
88faa9b4e525ea83f6efab60ae88469da5222f0b0f52c16c3af4e4763baa1daf,30,287,23,0.767,9.566666666666666,8.22,31,1,0.895,0.767,0.067,0.347,0.389,0.425,65,17.11,1112,59.75,3
89514970e1e20297947c37a1755c21674098a34e20a2aae5995c7b8b4028859e,26,64,22,0.846,2.4615384615384617,4.37,23,1,0.594,0.846,0.654,0.475,0.491,0.505,65,5.88,382,25.5,1
896ba209d8b0c5cdfdacb8b2d45dae08ba41a114dde0bc6ac633dd8a772d66f3,30,287,28,0.933,9.566666666666666,12.41,57,1,0.895,0.933,0.167,0.179,0.365,0.772,68,22.84,1553,18.0,3
89b998636f98304acf1f5a475b5fad130ac8020d521969a48412173d2ac0971f,30,102,30,1.0,3.4,2.44,11,1,0.706,1.0,0.333,0.526,0.471,0.411,66,6.14,405,41.78,1
8b18f5693d6822beefe70802cad008f0b0232654ea218fbce90ad8d6631c3a74,30,182,30,1.0,6.066666666666666,5.96,24,1,0.835,1.0,0.167,0.47,0.366,0.195,70,15.1,1057,85.0,1
8c0906fd5efd19b24aa04cb58ff5d90de07a4507ab16207d901e51cec04e1d85,30,206,30,1.0,6.866666666666666,6.91,27,1,0.854,1.0,0.1,0.478,0.421,0.319,65,11.34,737,85.55,1
8c47875987c7407e6f060ddc413ab2f1ec8b5473085578e448ad4e40fa5a8864,30,157,30,1.0,5.233333333333333,5.53,21,1,0.809,1.0,0.367,0.381,0.422,0.454,62,12.42,770,69.8,1
8c496c831c776415f7491e6de8457bb88c62eefeff270c8e0dbec39b78b9413d,30,211,30,1.0,7.033333333333333,6.06,24,1,0.858,1.0,0.133,0.328,0.407,0.458,64,15.39,985,72.99,1
8ca014518f3c9f5207cbf67c729fda24fd56bfe6808d113f96c6138757784b77,30,234,29,0.967,7.8,9.5,41,1,0.872,0.967,0.133,0.424,0.385,0.313,70,15.39,1077,97.41,3
8ca8b188568d5d438d080b69a0b279aeaa39c96bd88d60119842f9a6b609c421,30,143,30,1.0,4.766666666666667,4.28,20,1,0.79,1.0,0.2,0.418,0.436,0.429,65,9.06,589,50.71,1
8dd7d47134248a03ffb88fe97e5ab8501d976a5d539ff01c30727b79ede1424f,30,104,30,1.0,3.466666666666667,4.99,19,1,0.712,1.0,0.7,0.509,0.463,0.373,67,5.39,361,30.75,1
8e1d0f77637db1a526c5ea32811ac905bc0edf833f27383617d0e92137c311c8,30,355,29,0.967,11.833333333333334,12.2,60,1,0.915,0.967,0.1,0.29,0.369,0.489,66,25.8,1703,59.65,3
8e3904b8617f72128e381f7c47cffbfcce6e89ae1d265cef9d41361539b6d930,30,57,30,1.0,1.9,2.56,13,1,0.474,1.0,0.7,0.567,0.446,0.292,62,7.71,478,78.9,2
8eaeced73616477f79c100bb6c71bf34e2e292ae1320adc6620d98b7dd852c97,30,155,30,1.0,5.166666666666667,4.63,16,1,0.806,1.0,0.4,0.442,0.45,0.458,62,12.56,779,27.0,1
8ee6af2e8d2b4ccf84705f72f9aee941ccc549586ada07edc240441026599eb1,29,178,23,0.793,6.137931034482759,6.42,28,1,0.837,0.793,0.207,0.388,0.391,0.374,65,10.57,687,66.03,1
8ef51b9a6ccf7c102010b64120f80a7e12e2c85e72d23bb6a5e7f17ea691093a,20,184,18,0.9,9.2,20.64,90,1,0.891,0.9,0.6,0.415,0.419,0.461,62,10.82,671,54.54,3
8ef8c191f2e6996e5aa2061354fa9581dea5b5ea7334ecf8d7018db50eecfacb,30,180,30,1.0,6.0,6.0,27,1,0.833,1.0,0.233,0.413,0.417,0.264,67,8.22,551,52.19,1
912cdef31b10a5d8886fedd1cb940e3a506126f7c11fbda7202c62b4edb1596b,23,266,22,0.957,11.565217391304348,13.19,44,1,0.914,0.957,0.13,0.285,0.405,0.637,62,20.53,1273,86.8,3
9181e670a018653889d5263448f199379588274b90c51348445093423b56396b,30,100,28,0.933,3.333333333333333,2.93,11,1,0.7,0.933,0.4,0.567,0.432,0.291,65,5.66,368,62.16,1
91f4b01a80c26aa9a1fb14e48590dc76c949dc800166da4e8c7f86d5085b9a8c,30,115,29,0.967,3.8333333333333335,5.49,27,1,0.739,0.967,0.367,0.452,0.447,0.364,70,5.79,405,78.28,1
92e41e237eb721c0e2a38a12e0317eb406b0b8a6b26a4fe8e109279caaac26be,30,167,28,0.933,5.566666666666666,5.37,19,1,0.82,0.933,0.267,0.299,0.369,0.426,67,16.09,1078,80.03,1
9323ada035535298a0de65f40698a45122446c861947978f1be17123ecf09a53,30,156,30,1.0,5.2,4.05,13,1,0.808,1.0,0.2,0.347,0.438,0.507,62,10.52,652,61.57,1
9374207ccca084d388afce33e317d946326f30de271a7aeb78dcdac9c272a2b7,30,256,30,1.0,8.533333333333333,8.76,28,1,0.883,1.0,0.167,0.418,0.429,0.457,67,15.91,1066,38.25,1
938eb3a8b8482b9a5ea52ae013fff264dcb1b4c02a64ac9c39ce3c476be2ffce,30,93,30,1.0,3.1,3.42,17,1,0.677,1.0,0.467,0.577,0.41,0.215,63,5.14,324,49.28,2
93a7aef5296e288f3a39f8c1c0dcb8935c9657f5c87378408e5d1910444e7c70,30,243,20,0.667,8.1,9.61,38,1,0.877,0.667,0.3,0.205,0.325,0.571,66,14.91,984,61.57,0
94a080ccc68a9af23abc6e73036cdfbac704e4a51b312cab20a422e059196d14,30,304,30,1.0,10.133333333333333,12.88,60,1,0.901,1.0,0.133,0.346,0.378,0.369,63,19.24,1212,62.72,3
950ed53de307960251af3e387e595945da87494d2d2edf58b103f58f4ccfef78,30,280,27,0.9,9.333333333333334,13.1,61,1,0.893,0.9,0.133,0.423,0.395,0.388,67,15.9,1065,43.28,3
95944dae06f4e15b8e63e41064092bc51db9f568df5abcdb866112b0a58a759a,30,150,26,0.867,5.0,4.3,17,1,0.8,0.867,0.2,0.469,0.417,0.327,66,9.08,599,82.53,1
95e604186e18386f749a6d26e0868477c65803267b7c4d7bf606f77b8bbe1da4,30,292,28,0.933,9.733333333333333,10.84,54,1,0.897,0.933,0.1,0.368,0.4,0.432,63,18.63,1174,60.89,3
9675bde0231da8d75eeb40196ec9fda32306f8be61e38a1325b034f2472db01e,30,145,30,1.0,4.833333333333333,5.66,27,1,0.793,1.0,0.4,0.423,0.471,0.542,64,9.38,600,62.46,1
97b90813f7f65e2bc5da97e487ad3fdccd2c535dde981f56eb9fa65df89f09e1,30,190,30,1.0,6.333333333333333,8.39,29,1,0.842,1.0,0.4,0.458,0.408,0.269,69,7.71,532,84.29,1
9807fe182f3dc6252a470df9020a7a9041c9c2c07a8b5c5f3f64fdee9b9db3c3,30,37,30,1.0,1.2333333333333334,0.68,4,1,0.189,1.0,0.867,0.832,0.373,0.162,29,2.79,81,44.25,2
98d77a2b714b28f705c31ae807ec9dc0e2e5415b10f7bd6f8791f061b9508e83,30,102,30,1.0,3.4,2.46,12,1,0.706,1.0,0.2,0.397,0.447,0.476,65,7.57,492,50.25,1
98e4c2dd19e0d5bb0d49167121617491082888de5c68db37eb6b6410c40e2d06,30,67,30,1.0,2.2333333333333334,2.84,16,1,0.552,1.0,0.567,0.642,0.46,0.326,64,4.2,269,31.52,2
98f2cbf89ca9e35caeba21247085fffbf9f2ba20ca1fb5eee71d97295acb384b,30,137,28,0.933,4.566666666666666,6.03,32,1,0.781,0.933,0.3,0.441,0.425,0.393,69,8.58,592,68.41,1
9b01ed1b37bb289049750901e55a93a4f206af3b94ce505699381e0df2ca01b2,30,42,30,1.0,1.4,0.67,3,1,0.286,1.0,0.7,0.776,0.382,0.171,63,2.62,165,36.48,2
9c1ee8df1c0a91f0259f13024069c7fd8d7601df3b4b305f358bd8ce161aedb2,30,33,30,1.0,1.1,0.31,2,1,0.091,1.0,0.9,0.885,0.321,0.115,65,2.08,135,33.0,2
9c8737c4d7c6be323f9cca6d673c3b7bdc7c6ed14bf93f7028c4794a90dd2d2b,30,206,28,0.933,6.866666666666666,6.96,30,1,0.854,0.933,0.233,0.347,0.407,0.478,64,16.45,1053,48.43,1
9d0ab0bd68f282cccbcc15239cb561b3eb795501fa9b5ada282ba9ef66d11c06,30,410,29,0.967,13.666666666666666,14.28,50,1,0.927,0.967,0.133,0.328,0.358,0.407,62,27.97,1734,85.98,3
9d6a95a44978b54531ff886fbc804fd7fb16556610f5d7cda0e20841e8a6fc78,30,47,30,1.0,1.5666666666666669,1.33,8,1,0.362,1.0,0.667,0.667,0.475,0.333,41,4.12,169,22.5,2
9de214703fa773e7cec3011c821477e05e32c1c3d4eab44ec9b842eb71efab53,26,96,16,0.615,3.692307692307693,2.66,12,1,0.729,0.615,0.231,0.39,0.411,0.405,65,6.97,453,59.53,0
9ecd8d14b33e6d7b4895b660bfc04f1b62dc5ff8d0361871658026089631b0f4,30,119,30,1.0,3.966666666666667,4.28,19,1,0.748,1.0,0.367,0.442,0.437,0.302,69,7.1,490,78.66,1
9f4b5abbe2f093cb1d0bdedd6522643c44c7532ee6bb1b20f0b7d9b80adc140c,30,229,30,1.0,7.633333333333334,11.21,48,1,0.869,1.0,0.2,0.36,0.386,0.35,67,17.0,1139,83.5,3
9f9e98ca9eca96eb316a42c215c5d7391f7b544e2793176224f4fd0027fb9269,29,199,27,0.931,6.862068965517241,7.0,29,1,0.854,0.931,0.172,0.349,0.403,0.511,66,16.17,1067,57.19,1
9fa16bb176ae097dc1ff36d812d98bec769aa6f3709545c752ce403e0d3acc40,23,272,19,0.826,11.826086956521738,15.26,66,1,0.915,0.826,0.174,0.387,0.362,0.309,67,20.3,1360,53.31,3
a000fa4903a3a8290435e1735ea6773bf2f2a14d1b5e564b6ab0e060b8e38688,29,392,22,0.759,13.517241379310343,33.91,177,1,0.926,0.759,0.31,0.384,0.351,0.312,62,25.5,1581,71.44,3
a0d71096e1d00f354dc73285a2857d8c102850e4ded62fb515f6d2a857e2d8b9,30,278,30,1.0,9.266666666666667,11.17,44,1,0.892,1.0,0.267,0.394,0.383,0.287,65,15.35,998,72.25,3
a10a30e09a154b3836e02982d35e6ed375b3e7b28b0b9c3be317078823e0645a,24,174,21,0.875,7.25,7.89,27,1,0.862,0.875,0.292,0.408,0.41,0.36,65,10.18,662,70.25,1
a130e617c531c4fc301d851ec5e2c416924de5c393fd355aa4d1fd60886308f0,30,255,30,1.0,8.5,12.21,52,1,0.882,1.0,0.167,0.405,0.383,0.288,62,14.77,916,77.49,3
a1355ec991906ace648901e6fc977691e092d5f5dfebc678289c2a68e731c8d5,30,150,30,1.0,5.0,5.17,23,1,0.8,1.0,0.2,0.384,0.441,0.476,62,10.19,632,61.5,1
a1437f4d7c5982c950cc3bb1cfab162aa1470eb7263b45d865b404015088558b,30,172,30,1.0,5.733333333333333,7.03,24,1,0.826,1.0,0.4,0.397,0.404,0.283,65,10.95,712,61.91,1
a1a4b0c316442b879083c61343bcb56ce2233230e64fc4f874ec0f232b2aea68,30,170,30,1.0,5.666666666666667,6.78,34,1,0.824,1.0,0.2,0.498,0.429,0.373,65,10.35,673,46.42,1
a1a57315af0421443e73ff39f4cc4afaabfb05e5c435fafd3504fd91ab223453,30,92,30,1.0,3.066666666666667,3.89,16,1,0.674,1.0,0.6,0.485,0.482,0.488,64,10.86,695,46.5,1
a3151bceaa87cb266eee2e026bb2770086f0767dc10aefbcd31cf526bf21ce24,30,53,30,1.0,1.7666666666666666,0.97,4,1,0.434,1.0,0.5,0.67,0.455,0.284,62,3.06,190,44.25,2
a35833a67176bfc8c1457633e2e41ffb5e4bf6aac7127377e8b9881caf1cf52e,21,71,17,0.81,3.380952380952381,2.64,10,1,0.704,0.81,0.286,0.328,0.398,0.481,65,4.77,310,47.22,0
a424f1f01cfab62373257c0cb81da9502e4d88af9bb5f68ac4794f8fef3c2b85,30,253,25,0.833,8.433333333333334,9.0,41,1,0.881,0.833,0.133,0.314,0.379,0.482,70,16.41,1149,68.5,3
a4961676983a10f9ed67219d049b3165dcde4dd74aa3594f3e8fa2abcc32426d,30,49,30,1.0,1.6333333333333333,0.96,5,1,0.388,1.0,0.6,0.707,0.44,0.247,62,2.87,178,48.54,2
a50b5be5f4ff7ea94290013a66e36e6dea9aed76a2d5c4bef41e28b4ad4503ed,30,259,26,0.867,8.633333333333333,11.57,62,1,0.884,0.867,0.067,0.315,0.394,0.511,70,15.13,1059,48.56,3
a559ffbbf797ae704128bdc877cc92716fb9da80d0c9f0ec6e42c23e4652d0f8,30,72,30,1.0,2.4,2.04,9,1,0.583,1.0,0.5,0.51,0.452,0.351,65,7.0,455,72.56,2
a5a72f3838b3d70874ac4a07223544c0dcfa9e2358c85d6b628f44940c1e3e92,30,122,30,1.0,4.066666666666666,6.02,27,1,0.754,1.0,0.633,0.491,0.464,0.418,63,8.25,520,56.0,1
a5cbc7664ddb2af6fbcdae5b4477be47e3b3ebdf327bd9626ee1a972eab6fb26,30,170,24,0.8,5.666666666666667,5.25,21,1,0.824,0.8,0.233,0.417,0.401,0.353,66,10.74,709,68.35,1
a5f6e28cca214fb60a873fd4b27ea02bbef08b5bde05f4ba831b790a54a2435c,30,204,29,0.967,6.8,8.07,40,1,0.853,0.967,0.233,0.395,0.404,0.319,66,16.53,1091,72.17,1
a6a3c7cd213abce3011b8586afbd7b8153dd29aee2c2f52688ef8ef895eaabb0,30,123,30,1.0,4.1,5.16,28,1,0.756,1.0,0.233,0.415,0.449,0.393,63,8.37,527,59.05,1
a760753ae6f157dc0a1ec4605604231d91dcf2e1ef4470ca3dbbe91cbb24c044,28,113,18,0.643,4.035714285714286,4.34,21,1,0.752,0.643,0.25,0.381,0.394,0.33,63,8.6,542,94.0,0
a8fe4ea49ae559b638cbfe1199ef8800b747a66a58a1bc39cb10c8ed4508944a,30,189,18,0.6,6.3,5.68,19,1,0.841,0.6,0.2,0.321,0.364,0.396,66,17.44,1151,69.8,0
a911b94c45c75c9742f985664b28a5e51c9562b9423efe24b3b1ea0da99ea920,30,34,30,1.0,1.1333333333333333,0.35,2,1,0.118,1.0,0.867,0.966,0.156,0.018,64,1.77,113,44.25,2
a93225fd1f7ce130f94e7ab6e4784eeb6e080b9396bfb658085528b517e39757,30,745,24,0.8,24.83333333333333,24.33,101,1,0.96,0.8,0.033,0.199,0.314,0.618,68,40.81,2775,35.0,3
aa3e744d9ea1bfef5bac5c29b695be41bbe453b6bf59bb5ff04d04fe3ddb9b7e,30,285,30,1.0,9.5,20.07,108,1,0.895,1.0,0.333,0.385,0.361,0.269,69,14.9,1028,76.25,3
aacfa383279c3315e3ceca1c24001612eae1e4b1a43330f2fa02fd448184748a,30,99,30,1.0,3.3,3.02,14,1,0.697,1.0,0.3,0.446,0.44,0.383,63,6.81,429,44.25,1
ad1624c5c3a02a3a3b3dcb044b912998b64ca2e7cd54abe79476f86a41a3234b,30,108,30,1.0,3.6,4.54,23,1,0.722,1.0,0.367,0.523,0.445,0.345,67,6.34,425,55.71,1
ad6fc94e2a663a8989f7238cc0e2427eb8b8ff0a464fff43d68ee9e1ac82aac4,30,103,30,1.0,3.433333333333333,3.21,14,1,0.709,1.0,0.367,0.572,0.456,0.349,65,6.62,430,51.31,1
adb9f7d3adbec0b1c145469d1272d3d68d27b0496351121d7f3edec48dffdb99,30,330,30,1.0,11.0,15.27,66,1,0.909,1.0,0.367,0.406,0.377,0.263,69,26.33,1817,75.67,3
aef22050d9d0c9c04b31417e8d17415239847cd2b4f0b0010265a9a2261368eb,26,172,24,0.923,6.615384615384615,7.24,24,1,0.849,0.923,0.231,0.397,0.402,0.426,70,10.6,742,48.65,1
aeff5cdc8c731a2b16beb6f260aeeca455401bc2ddb229aa87a464475f95b1ca,30,49,30,1.0,1.6333333333333333,1.19,5,1,0.388,1.0,0.7,0.719,0.449,0.273,65,2.88,187,54.53,2
aff3f9448ca917cc6f9b0fa8f92a2dadcee4f890337259421ce866e71ff22c49,30,119,30,1.0,3.966666666666667,4.99,26,1,0.748,1.0,0.333,0.512,0.427,0.297,65,6.95,452,76.45,1
b0638251b9699e7b5a85e9527482039e03615390eeb70d93e7de298bfb0b8135,17,47,0,0.0,2.764705882352941,2.17,7,1,0.638,0.0,0.471,0.336,0.388,0.358,62,4.63,287,51.94,0
b2739ffce4a91e9880373035f1a135a3772577ebe8a9e985482de17ccedccefd,30,210,29,0.967,7.0,5.18,18,1,0.857,0.967,0.133,0.436,0.399,0.343,64,12.19,780,76.53,1
b2a86b80a5c45b9984072faf901f8f575e7c2884dc2188e770a0dfbb1677011c,30,329,30,1.0,10.966666666666669,12.55,64,1,0.909,1.0,0.033,0.27,0.35,0.457,70,26.26,1838,66.59,3
b2c90b16a2864cf16993f00192cdb13ee656ac6cd53f745acd473a25224cd05d,30,131,30,1.0,4.366666666666666,5.68,24,1,0.771,1.0,0.367,0.482,0.429,0.351,62,8.03,498,58.25,1
b38b4152f7aa7e5d4cc14966d15e1671b57bc61845d758b5ad3992d783cff806,20,100,20,1.0,5.0,5.64,20,1,0.8,1.0,0.55,0.339,0.439,0.562,54,8.74,472,50.75,1
b43a0433ebcd4615d10b350555c5aae6a34f0b8dd322cdf508fd58dd4ff0b5c5,30,312,29,0.967,10.4,13.05,63,2,0.904,0.967,0.0,0.42,0.359,0.248,70,17.07,1195,64.75,3
b65b6d24572830c97c47256ad70692e4abc7c290ffa8cefe322be469accd8d5e,30,270,30,1.0,9.0,11.47,45,1,0.889,1.0,0.267,0.369,0.369,0.303,66,20.61,1360,66.34,3
b673e054a9c64d69cfb8dc56e028d129e4a5ed88dd2e6accf107182f7756c332,18,69,11,0.611,3.8333333333333335,3.47,12,1,0.739,0.611,0.389,0.348,0.431,0.49,63,6.44,406,74.8,0
b6d1c1a2a9ceb6f2fe941cb2f5ce2a4c9f178b1f99e12966a31544030d689915,10,29,9,0.9,2.9,1.37,5,1,0.655,0.9,0.1,0.575,0.435,0.302,42,3.05,128,68.41,0
b7214630d2a3008ffaeaefb61f0c42181fe57bbda882a201339a668d02eae47c,30,158,30,1.0,5.266666666666667,5.47,20,1,0.81,1.0,0.233,0.412,0.432,0.442,64,11.08,709,30.0,1
b83f22b6c073f282fc8e9556f47e3cb0ecb74d950973838f47c4837826ff08e0,30,157,30,1.0,5.233333333333333,6.63,30,1,0.809,1.0,0.233,0.384,0.453,0.544,63,12.57,792,52.03,1
bb0c30cc3cd79a7b954b6a58338b43ab5c258562b868a12e26fa432eed432da9,30,99,30,1.0,3.3,3.96,17,1,0.697,1.0,0.567,0.511,0.472,0.424,65,5.28,343,36.31,1
bc1fc1980b744f6ddef463c42fe1a38facfc6bab71fd00d339b19943d55c3136,30,80,30,1.0,2.6666666666666665,2.56,14,1,0.625,1.0,0.367,0.589,0.429,0.204,67,4.57,306,90.0,2
bc62c7cd2cb19dae74f15b14964b6eb3942104662a21d5ba91eac861ea67bbe2,30,182,30,1.0,6.066666666666666,5.15,18,1,0.835,1.0,0.133,0.417,0.436,0.419,63,9.57,603,48.25,1
bc7fef2cefba2315bb3b68531dc5dcb4a490a3a089fdceb6802c0198959c0e19,30,154,30,1.0,5.133333333333334,6.51,32,1,0.805,1.0,0.2,0.429,0.417,0.364,67,9.39,629,89.25,1
bc936a5c28b8adc029346c5de72dd91b78f5101bda51d6631648d15e84d1bd23,30,174,27,0.9,5.8,7.31,32,1,0.828,0.9,0.267,0.398,0.388,0.33,63,11.44,721,80.75,1
bd41cbdc04707f80b319802470a1871b99d36766f9d020cc0f9a569a4d1bb54b,30,392,29,0.967,13.066666666666666,12.17,49,2,0.923,0.967,0.0,0.298,0.375,0.532,63,25.35,1597,68.44,3
bd5b4475ad702f1f3a58eaa229a8fa29ec0b6285a8be138c21f57edb3024b86d,30,195,29,0.967,6.5,7.61,39,1,0.846,0.967,0.167,0.354,0.426,0.502,67,13.1,878,61.31,1
bd7739509fa70c858197ea24926c2c696b797f60240eac8fe389b1d67ce663be,30,557,25,0.833,18.566666666666663,19.79,77,1,0.946,0.833,0.133,0.31,0.342,0.384,70,29.96,2097,61.66,3
bd967167b9a70cc58353beeb439070461fdb8560c896ff070e6900aa37187d74,30,49,27,0.9,1.6333333333333333,2.41,11,1,0.388,0.9,0.933,0.683,0.465,0.312,65,2.28,148,28.5,2
be42cc28c4a3e5675539645ce90caa0d1a62b727d8ff787c2a55738108e24067,30,148,29,0.967,4.933333333333334,6.23,32,1,0.797,0.967,0.167,0.459,0.446,0.438,63,9.79,617,32.03,1
bea1e98706cb0c098679e0e5aa145a97f9fd3d7921ca9758fd3b2a3cda16923b,30,127,29,0.967,4.233333333333333,6.15,25,1,0.764,0.967,0.367,0.546,0.415,0.216,67,5.76,386,79.25,1
bee686e3fcc9f3886386d09a5bbd6f4779d852c8bb282b0b6185be70704d9207,30,154,30,1.0,5.133333333333334,6.98,38,1,0.805,1.0,0.233,0.479,0.422,0.288,65,9.54,620,85.8,1
bfe01fd74f4a333b18002bc2d02ce800bee2e244cc59a5156ca3fcc5a0cdce00,30,228,30,1.0,7.6,8.39,38,1,0.868,1.0,0.2,0.32,0.383,0.445,69,19.41,1339,73.25,3
bfed65e0ee3b331187d31bd503dcbad42f17bf749b37c34f64cf8bbc3007073c,27,166,23,0.852,6.148148148148148,6.72,31,1,0.837,0.852,0.222,0.361,0.383,0.408,65,14.38,935,70.48,1
c220777a3969d97f8c08265becbb6fcd9bddfab7c48456e450fed01101f16a76,30,115,29,0.967,3.8333333333333335,2.76,11,1,0.739,0.967,0.267,0.414,0.446,0.456,70,8.34,584,43.94,1
c225c8dca6a511c7d7cd7e90387054ff2eb038204ac60e3d886bfd9843c06434,30,119,26,0.867,3.966666666666667,3.7,15,1,0.748,0.867,0.333,0.516,0.422,0.243,69,6.14,424,87.16,1
c24628e0c17541c8eb1047d754441068030a058892e09b1e2281c6ab162a6252,30,96,30,1.0,3.2,2.64,10,1,0.688,1.0,0.367,0.573,0.411,0.188,63,6.17,389,88.53,2
c24802aafcbbb5d0d9f4ff58778800955e3c56280ac70345100d3a9a6ea2653f,30,301,27,0.9,10.033333333333331,8.1,27,1,0.9,0.9,0.1,0.255,0.375,0.611,64,24.44,1564,44.0,3
c340795ecfb6a9a8b2c5645fee8a298cf8b72faaffd737d7fe11880114eef4e5,30,119,30,1.0,3.966666666666667,4.52,21,1,0.748,1.0,0.333,0.427,0.463,0.407,61,7.46,455,56.0,1
c38594bec27d288cfe5bd031cde0cff4c46de188336f74ff3f79854c88c65b00,30,96,30,1.0,3.2,2.62,10,1,0.688,1.0,0.3,0.439,0.456,0.475,64,6.88,440,63.31,1
c3b000875e19cdb87af3a1f4f1201b93b27c421f93754d5944e248f626e555e8,20,21,20,1.0,1.05,0.22,2,1,0.048,1.0,0.95,0.87,0.341,0.13,55,1.84,101,54.25,2
c4776c88a7dc61ac8c990cbf8584ae5b95963474d6a2ec981fa2b1d62aa40d40,30,169,28,0.933,5.633333333333334,6.15,32,1,0.822,0.933,0.2,0.444,0.399,0.293,62,10.24,635,89.25,1
c47ebe72dc3a2893a15174a6c093f4acad7a077df6fa698b3d4c316d8b2ab325,30,127,30,1.0,4.233333333333333,3.87,15,1,0.764,1.0,0.267,0.542,0.411,0.244,68,7.13,485,79.69,1
c547e37e3c5d2add9a3cb5fdeecfbc779e0ee9d6a7dbb489c799cc94e7b9abd2,30,214,30,1.0,7.133333333333334,6.19,25,1,0.86,1.0,0.133,0.367,0.388,0.407,65,18.23,1185,75.94,1
c553dc3283c858d600428ab9da98653a77b7cd25b18d42f7e342f50e3dd2811d,30,224,30,1.0,7.466666666666667,8.09,38,1,0.866,1.0,0.067,0.368,0.402,0.426,65,13.77,895,71.44,1
c55412dfec4229257b7e5b9f351aded8bf89457addeb8f6e6e349f74aee27674,30,150,30,1.0,5.0,6.21,26,1,0.8,1.0,0.333,0.375,0.417,0.398,64,13.12,840,84.91,1
c564abeebce244fd96023eb0bb99dbcdf4fdaea1d606463c3d4879e06a99dda6,30,109,27,0.9,3.633333333333333,3.9,20,1,0.725,0.9,0.267,0.45,0.445,0.418,66,5.88,388,33.53,1
c58e4714a03093fccf1fd914aff61ef2d0b0c24eea4a89635b5f8d74953c6058,30,53,30,1.0,1.7666666666666666,1.74,9,1,0.434,1.0,0.667,0.705,0.435,0.259,65,3.35,218,54.75,2
c602660fc0ddd630f6a203a3d61742439eb7d3c4c33d31ccb57e410bbb67e844,30,291,27,0.9,9.7,7.86,26,1,0.897,0.9,0.033,0.343,0.404,0.498,61,23.49,1433,81.7,3
c60dc7a742e43b815ba4c4f14ae3efd67b9ffc810c971c92a48a3b3cbc6d5919,29,319,14,0.483,11.0,10.7,38,1,0.909,0.483,0.103,0.225,0.322,0.522,63,21.05,1326,73.81,0
c680435725f2cafc681abd19b42f002d0f35298c929bbd106403609fc6261bee,30,190,29,0.967,6.333333333333333,6.72,25,1,0.842,0.967,0.167,0.381,0.421,0.469,70,10.57,740,53.44,1
c6b3efc496c7eabd69a2596c96fb7bacc652d49811a4be0df0bb37196a37ea02,24,201,15,0.625,8.375,6.38,24,1,0.881,0.625,0.083,0.275,0.37,0.532,67,18.84,1262,74.43,0
c7b796ac04b2f8db027f6a7f45dd803df85918a8b62494790efa974beaf3838c,30,132,30,1.0,4.4,2.81,13,1,0.773,1.0,0.1,0.427,0.453,0.476,60,10.7,642,57.97,1
c7e19683c93c7fcbfab6f259ebe943a44204981dbf5af4dfc37ef26961758906,21,387,16,0.762,18.428571428571427,15.89,58,3,0.946,0.762,0.0,0.189,0.326,0.618,65,26.05,1693,65.97,3
c7eebe4bcc4f85762fa3ddbb203411f48f8a0f05ed163ddb5e6c38e5f1d24531,30,39,30,1.0,1.3,0.84,5,1,0.231,1.0,0.833,0.788,0.412,0.212,63,2.32,146,67.22,2
c80057fddc67ce687c85a006cf65e59346bc5059721fa241b2473a84301c2327,30,188,28,0.933,6.266666666666667,7.65,34,1,0.84,0.933,0.133,0.466,0.454,0.449,70,10.87,761,36.16,1
c80ce14c9557948735506042bc724190d056b1ab66b5dac4e2ae3c87b31ca0b1,30,188,30,1.0,6.266666666666667,8.06,39,1,0.84,1.0,0.4,0.357,0.416,0.47,69,12.39,855,45.96,1
c8d01afd1e4a742fb48896441f92f6f4f1c21f02b0059b58f21e1c6efb099eb2,30,156,30,1.0,5.2,6.27,31,1,0.808,1.0,0.233,0.409,0.421,0.387,61,10.02,611,89.48,1
c8f2ba8a3b50884964255d406a7f4c232ec3efe6c021514cd273a4c1726dbfd2,20,47,20,1.0,2.35,3.31,14,1,0.574,1.0,0.7,0.502,0.465,0.431,67,5.51,369,63.46,2
c92956e2fca1ca7ed686bda9b6fc3d11a9e75795107d24b4df9333b5818c4b5a,30,62,30,1.0,2.066666666666667,2.27,10,1,0.516,1.0,0.733,0.586,0.447,0.312,65,4.05,263,61.9,2
c96a5d8ae5170d9ab1ece6a261b881357860a04dc8d76bc2ca0619cc4d4787ea,30,164,30,1.0,5.466666666666667,4.96,23,1,0.817,1.0,0.167,0.486,0.425,0.357,61,11.61,708,93.5,1
ca1b7797566e850c3e583a2fbda610a51d5504ca9b0d611a0a3e2770c912d52d,30,237,27,0.9,7.9,6.48,23,1,0.873,0.9,0.2,0.356,0.407,0.459,69,13.64,941,48.0,1
ca1ed2c1cad95f5fb926db06e52ebe6cec3f19485a7cf130b24dcfe1f2c26e24,30,172,27,0.9,5.733333333333333,5.16,20,1,0.826,0.9,0.133,0.355,0.399,0.384,68,11.59,788,79.41,1
cb9c781c1377cf1efb68cb9ed6a56076672fc54f47d35adda6a211d23655d118,30,150,30,1.0,5.0,6.44,29,1,0.8,1.0,0.333,0.503,0.38,0.208,64,9.53,610,84.81,1
cc85c37cc89ca6e99038e1f8bc4201ab2cb7573d16d73e5d3dbc97789d16b856,28,362,14,0.5,12.928571428571429,9.78,37,1,0.923,0.5,0.036,0.183,0.308,0.642,67,30.24,2026,29.25,0
cd0612712f91182ead3aaf4339a2f2779c5bc8abb6c6336ed0a8c66530144b9c,30,177,25,0.833,5.9,4.94,22,1,0.831,0.833,0.233,0.387,0.439,0.488,70,9.94,696,45.66,1
cdd0ad20946b8bdd886db177aea59e7b1770a2881dd8cbbcdb7dc5adcf5730e1,30,106,27,0.9,3.533333333333333,5.03,28,1,0.717,0.9,0.333,0.481,0.406,0.287,68,6.0,408,95.25,1
ced739e4e1a362fc62756d77256feff26dd7710998469ff13eb02104da2038d2,29,229,22,0.759,7.896551724137931,10.47,52,1,0.873,0.759,0.241,0.282,0.397,0.589,62,14.98,929,41.75,3
cef23c3f251969f778435219b38afa60f2e41b3927e82fa6d43de8c59f93f883,30,196,25,0.833,6.533333333333333,4.62,16,1,0.847,0.833,0.067,0.327,0.383,0.391,66,10.09,666,71.09,1
cf13a4b65841c7dceb8412708517c5be0cdedb328ac511655c4a95ee813d548b,26,240,22,0.846,9.23076923076923,9.77,39,1,0.892,0.846,0.154,0.315,0.375,0.485,67,16.22,1087,38.25,3
d0b78ae235e484b144a0b229ef70c8ac2fd796c86aa4d314c3a5bf393dc9ee11,28,125,27,0.964,4.464285714285714,3.58,14,1,0.776,0.964,0.286,0.456,0.45,0.458,42,14.43,606,45.75,1
d1d635ae1d95cf0b57cba7b6bff6d45b693428120d558da8747c3a0887190d23,29,207,22,0.759,7.137931034482759,8.36,33,1,0.86,0.759,0.241,0.394,0.404,0.407,65,13.72,892,65.25,0
d24b87329bb09b449a89676a4e96858c289cdfad521c03fb9ce166a83aceb603,30,261,27,0.9,8.7,8.09,29,1,0.885,0.9,0.167,0.356,0.389,0.459,66,19.35,1277,63.22,3
d274893c31d10ef0bc342e59f149963ffff586f70cbf6c8b59325bf97415f62e,29,210,16,0.552,7.241379310344827,5.74,24,1,0.862,0.552,0.034,0.257,0.36,0.551,64,17.23,1103,32.41,0
d36a68faa57e320ce1eaff6a6def575a5337ee480ceab78d2bfc79c986e31760,30,147,18,0.6,4.9,3.88,14,1,0.796,0.6,0.267,0.383,0.394,0.364,65,12.91,839,88.32,0
d3cb38860bb2775f1e807bfe8b1610f03016ac63c6b08977188c85ad3f979ceb,30,45,30,1.0,1.5,1.57,9,1,0.333,1.0,0.833,0.638,0.444,0.263,66,3.5,231,59.25,2
d3f0d126711eb978e948a2cbeb9c2b2b0ffa79541fe717c41575d91f5e21aa61,25,74,24,0.96,2.96,2.01,8,1,0.662,0.96,0.24,0.58,0.412,0.217,65,5.38,350,82.96,2
d46637522853433efdf1806e2e5336c312d5ba0ff0a32b80468e96b8abf11c04,30,326,26,0.867,10.866666666666667,19.9,83,1,0.908,0.867,0.367,0.239,0.38,0.649,62,21.85,1355,23.25,3
d5b8de8db1cf22f45e0efd08dc7b38431edfdc53aca4038204460398cd6c21ee,30,166,29,0.967,5.533333333333333,4.67,16,1,0.819,0.967,0.233,0.304,0.399,0.509,70,16.37,1146,65.72,1
d6fcfbd13c5259904b825be40714b27269384a2e540184e009430238487e889c,30,40,29,0.967,1.3333333333333333,0.88,5,1,0.25,0.967,0.833,0.807,0.389,0.146,64,3.33,213,59.0,2
d74ad8f7c64819b319003126f9a7d68263aff159db0388c359cfbfb46e263e96,30,442,30,1.0,14.733333333333333,16.49,75,1,0.932,1.0,0.067,0.338,0.362,0.36,64,30.77,1969,76.66,3
d7508e75bd7e54d88e3668085557bbbb459453ab26ec03646bafb7625075cd24,30,204,26,0.867,6.8,6.77,25,1,0.853,0.867,0.233,0.321,0.395,0.51,64,16.84,1078,52.06,1
d78fb37bf1fe8f75aac3574abb02a6af48c1e5de152a400b1fbf6e7237e7fa4a,30,296,29,0.967,9.866666666666667,11.33,51,1,0.899,0.967,0.267,0.499,0.397,0.321,64,14.03,898,47.73,3
d7b242422be5e62a8d6759bbaa2dd788ef0a039847ba64911c3fff58025c8792,30,57,30,1.0,1.9,2.17,11,1,0.474,1.0,0.733,0.735,0.416,0.225,65,3.34,217,62.7,2
d86cb3d8304a2cede047c31ebe6619f33357872d26a21d1367318821e35e09cf,30,137,27,0.9,4.566666666666666,3.67,13,1,0.781,0.9,0.267,0.366,0.433,0.483,66,8.41,555,49.5,1
d87811d4a1e9ba86c382fda19de6f7d1ad04b42f8c0dceeb81cd7cafc1008ed8,30,242,30,1.0,8.066666666666666,9.08,36,1,0.876,1.0,0.233,0.402,0.393,0.368,67,13.91,932,73.16,1
d885bb7273fb4e746e84afc627f57884681464d304c0d487efee6b49df9620a2,30,192,26,0.867,6.4,6.91,29,1,0.844,0.867,0.2,0.465,0.38,0.223,60,11.97,718,71.66,1
d8a9220e637c9a7b377eabb60059a170c30384f5704c0e81a49f31788d470c98,30,96,29,0.967,3.2,2.82,12,1,0.688,0.967,0.367,0.557,0.401,0.204,65,5.77,375,67.73,1
d9381190f981d16a88149206249465bb181ce58d6359562dea944f4d477363e3,30,232,30,1.0,7.733333333333333,5.64,22,1,0.871,1.0,0.067,0.397,0.415,0.391,66,16.48,1088,52.9,1
d948777e9b3046b61a365c5cff2d3b1ad308bfb4d2ee0854558617ca8eeac395,30,132,27,0.9,4.4,4.26,21,1,0.773,0.9,0.167,0.357,0.445,0.486,63,8.67,546,46.83,1
d981675479ab443031cba32f40c3dca9e031547c59346a4c0ea7c624c054d936,30,609,26,0.867,20.3,24.8,111,1,0.951,0.867,0.067,0.305,0.359,0.464,65,40.52,2634,54.94,3
da2ab409e3aba646903b562a3345e2f8fff81667aaba3879a1155c38612e7ac9,20,26,20,1.0,1.3,0.66,3,1,0.231,1.0,0.8,0.787,0.405,0.192,28,2.04,57,60.41,2
dab25eed9d9d31a84b5f08cca8271deebaa1b69d2902cb2031ca82f985e09576,29,93,24,0.828,3.206896551724138,2.37,8,1,0.688,0.828,0.31,0.415,0.421,0.404,42,9.67,406,49.32,1
db2e162c7c1734ed5a58abc1706b9efbbdadbd2ba5f77bea6911a1aabd5e0831,30,106,30,1.0,3.533333333333333,6.13,34,1,0.717,1.0,0.5,0.443,0.486,0.53,65,7.29,474,66.0,1
db847180fec2988d054039d7d6565531195880d3918d6ee9402e335e6be9408d,30,167,30,1.0,5.566666666666666,5.02,19,1,0.82,1.0,0.333,0.451,0.438,0.418,62,9.03,560,72.92,1
db91ad08a11ff41dfb6d61127b0d561b3ae0e5ed10395e6cb3f25372ebdd6d0b,30,48,26,0.867,1.6,1.07,5,1,0.375,0.867,0.667,0.666,0.467,0.326,65,4.08,265,63.0,2
dc9a34cf6e3874933863dbb1d060e9fad475adc9e0927a6d33e2452d1526125d,30,225,28,0.933,7.5,6.53,25,1,0.867,0.933,0.2,0.344,0.386,0.422,63,14.79,932,59.25,1
dcc0e3c61cf760b864cace141492a9c0458a3af0e67f63a19c31875b5b777f07,29,185,25,0.862,6.379310344827586,6.48,23,1,0.843,0.862,0.172,0.379,0.428,0.489,60,11.53,692,81.42,1
de14d69ecb05cea275dcf6a7cb707626315f3e81931958d7d7b15131368cf4d6,30,162,13,0.433,5.4,4.97,24,1,0.815,0.433,0.1,0.284,0.373,0.453,65,9.26,602,57.33,0
de771b0a105c84a902ca9ac461758439ca7b838a2b95f6a13afad160a9d7fd39,30,245,25,0.833,8.166666666666666,7.44,30,1,0.878,0.833,0.3,0.324,0.381,0.446,69,16.49,1138,52.78,3
dea69a3afb734ba56e0465a463c3c6c5cd4c852cb165c1dd960ba91a4038a53d,30,36,30,1.0,1.2,0.48,3,1,0.167,1.0,0.833,0.877,0.331,0.123,65,2.18,142,35.75,2
dea7966ebd885a67ecc64194d61d09fed744b8619a5c553ca40c79205e3362b3,30,321,22,0.733,10.7,15.88,73,1,0.907,0.733,0.2,0.294,0.353,0.386,66,19.14,1263,43.9,3
df5f291bbd4aec1a0eff72c784f64e101413d82f8609d68c713dd7e8be202316,30,82,29,0.967,2.7333333333333334,4.46,25,1,0.634,0.967,0.567,0.622,0.453,0.33,63,4.25,268,52.34,2
dfafe84b27c1097ac79831f5ee8fcb79c84bd2079709c327141de09549db4d73,30,124,29,0.967,4.133333333333334,5.03,27,1,0.758,0.967,0.367,0.528,0.451,0.374,65,7.72,502,39.76,1
e03561822ee2eb2da08d5f6f890830660cfd611e01677a2cf70b09fb6ff4673e,30,263,30,1.0,8.766666666666667,12.22,63,1,0.886,1.0,0.133,0.424,0.374,0.235,64,12.75,816,71.4,3
e20c996edc342b0e8fe4abe8a1b4373ae040e36b367cf6188e43d04950b7f6c6,30,77,30,1.0,2.566666666666667,2.42,12,1,0.61,1.0,0.5,0.617,0.444,0.304,62,4.42,274,44.0,2
e2c64c308270b70f26817bd91b48a6dc114f46bf34566ce6d3ec38d8052cb1ec,20,104,12,0.6,5.2,3.69,13,1,0.808,0.6,0.2,0.46,0.437,0.402,66,5.64,372,18.75,0
e37bb12ed96a158b0a1050ba31f1b9c1fad4b32772f7ba057b96a6df90c2205c,11,11,10,0.909,1.0,0.0,1,1,0.0,0.909,1.0,0.811,0.397,0.189,70,1.27,89,42.0,2
e3d00c0bcfea6e4a68c5c4842d0bedac5e761cfa5be62ec60aae839f44a7f555,30,86,30,1.0,2.8666666666666667,2.87,13,1,0.651,1.0,0.533,0.563,0.456,0.348,67,4.82,323,62.59,2
e4022e6c05adb71c27444306f992d913c4d37cdbf63bf704fadfdddd56b65831,30,159,29,0.967,5.3,5.08,19,1,0.811,0.967,0.233,0.417,0.44,0.451,63,9.14,576,54.46,1
e4380b18857e28837873b807b4ee2bee2e199a3536f56fb56fb5949de4c17a77,30,232,29,0.967,7.733333333333333,9.15,35,1,0.871,0.967,0.1,0.297,0.394,0.478,68,14.19,965,66.48,3
e50725c0eeae06d5084a25d7cae981462f08ed57e7e604cb824844793a5c6dcc,30,88,29,0.967,2.933333333333333,2.5,13,1,0.659,0.967,0.267,0.46,0.412,0.261,65,8.48,551,83.44,1
e62fc7f4f92cd9a65e84bfe3c31f6e9bf117b4709067eac106b9715cb5f0fc02,30,141,29,0.967,4.7,3.95,17,1,0.787,0.967,0.233,0.352,0.467,0.617,64,13.45,861,30.0,1
e75e44aab1778ede624cb4eb316397c4e287b0f76299050d2ac110662629f77f,30,228,28,0.933,7.6,8.91,42,1,0.868,0.933,0.1,0.28,0.415,0.659,66,14.15,934,48.06,3
e7da0da09cd3de7d6414a439154f40924d0533b799648184fa85baef339710ba,30,50,29,0.967,1.6666666666666667,1.9,9,1,0.4,0.967,0.833,0.721,0.444,0.27,63,5.95,375,33.81,2
e8f1be077a6689592c2f7fa35d56f723b873d6600bbe49eb04908770d9e783c1,30,276,30,1.0,9.2,11.86,44,1,0.891,1.0,0.167,0.338,0.37,0.368,66,18.14,1197,64.94,3
e8fcb5c680b6bdab983fc8705cf4149d4ffc71e7e1d375ab38582c81a8a222dd,30,51,30,1.0,1.7,1.39,6,1,0.412,1.0,0.7,0.683,0.455,0.288,68,3.01,205,48.0,2
e9ef91d2836a3d6a880c71604dda2bc5cf97836539864ee1a7da3221c3843df7,30,108,29,0.967,3.6,3.57,18,1,0.722,0.967,0.367,0.526,0.398,0.231,67,6.85,459,75.21,1
ea47fdcc277117bd663900f36ab09bad41ea1af083ccbc63647b5838e1056ebc,30,98,30,1.0,3.2666666666666666,2.52,9,1,0.694,1.0,0.267,0.603,0.408,0.23,62,5.47,339,83.25,2
eb98b9223adb4684635bb18017ede6721bd5acf041aefea49eb611ab89c489ad,30,157,29,0.967,5.233333333333333,6.38,32,1,0.809,0.967,0.2,0.406,0.414,0.381,65,10.71,696,80.32,1
ebb4be3fcc3b29c9cabf0007dfe142b7cdbcb54fda0e9950b7018ce04c4d692d,30,253,23,0.767,8.433333333333334,6.02,21,1,0.881,0.767,0.1,0.275,0.367,0.466,68,15.53,1056,72.5,3
ec1a874203c55517f71dfe34ba86744fb41138693a65832b20cfa6f533f75e09,30,79,27,0.9,2.6333333333333333,2.74,13,1,0.62,0.9,0.533,0.394,0.448,0.489,65,6.15,400,54.0,1
ec8e0696e80a8e8c45ebbecc3429597d81a3c106fd5939bc3ed685240ce84c8a,30,95,30,1.0,3.1666666666666665,2.9,12,1,0.684,1.0,0.367,0.533,0.423,0.282,69,6.01,415,91.68,1
eeadbdae5c93dc632d3b4567ed3e770f164526a9d957a113e1aa07c1dca54f4c,20,61,19,0.95,3.05,3.53,14,1,0.672,0.95,0.6,0.496,0.447,0.358,56,5.46,306,66.75,2
eefcecf5c7183df8d369a35df238dd9fd990564264dcadc7bafacbafbef888ac,22,95,21,0.955,4.318181818181818,4.32,15,1,0.768,0.955,0.409,0.433,0.471,0.476,67,6.64,445,39.81,1
efc39ac763d948ff0a93ddc34ad240851cb48f1fcf52de934697aeb78d033071,30,90,30,1.0,3.0,3.89,16,1,0.667,1.0,0.533,0.457,0.492,0.531,62,8.4,521,50.0,1
effa5fafd71a87510e477792561dc4c6a0d7a624d93f5ee78db77ac7c2a41d63,30,126,30,1.0,4.2,4.94,20,1,0.762,1.0,0.4,0.57,0.429,0.311,64,7.05,451,63.66,1
f0a761fb34823e9ac759ee98975c615eebf22a1745a01de4b26cdf5b1aab26af,30,44,30,1.0,1.4666666666666666,1.01,5,1,0.318,1.0,0.767,0.769,0.414,0.214,43,3.74,161,60.25,2
f0ad6b55a43d50cd0b3fa2f6750275e11cc44176cc9984200f6d6ff6a3c5631f,30,124,30,1.0,4.133333333333334,4.07,18,1,0.758,1.0,0.2,0.422,0.457,0.5,67,7.21,483,58.25,1
f0dced10510747eeee05ecf186c421f025d256f9870b17e7fb2335463ae079ac,30,97,30,1.0,3.2333333333333334,4.26,21,1,0.691,1.0,0.533,0.584,0.441,0.322,65,6.05,393,69.47,1
f116832a0eb31d3cc89a5c4bba301d1a5758438ee1f1bd382fee9277a1fe6284,30,199,29,0.967,6.633333333333334,8.39,35,1,0.849,0.967,0.167,0.43,0.403,0.339,66,14.85,980,64.44,1
f13ef30924d9e20a8f54dc58ad638694be404a98000c388cadb97d41fd18b15e,30,362,28,0.933,12.066666666666666,15.76,62,1,0.917,0.933,0.167,0.296,0.358,0.401,69,19.13,1320,80.0,3
f19c99fbe5a835630d6c1f9c0bd31609a99d100f3dcadeddc3473da0ee7a0205,30,101,30,1.0,3.3666666666666667,3.44,15,1,0.703,1.0,0.333,0.509,0.441,0.363,68,6.63,451,61.15,1
f1adcb66d665ecba393da1490aca01e322bebd658ae2ef41aadee9ec7106def2,30,82,28,0.933,2.7333333333333334,2.1,9,1,0.634,0.933,0.4,0.524,0.438,0.291,64,6.34,406,93.16,1
f1c628caab4033afe87dd9b46443ae53b44ca1fc35dc6268f423531d02dcb0ab,30,87,28,0.933,2.9,1.65,8,1,0.655,0.933,0.2,0.567,0.434,0.304,61,5.85,357,51.25,1
f2b2d2b023f71e791c2644201fa62b2dcf6c78d7402d774a552d5b7b20f02ad3,30,75,30,1.0,2.5,2.27,8,1,0.6,1.0,0.567,0.643,0.436,0.278,68,4.12,280,43.42,2
f2c0c481d6d6af0b83c418cd9a25d31dc1ffd303019b7cff7adf84e88f578dcf,30,147,30,1.0,4.9,5.02,21,1,0.796,1.0,0.3,0.496,0.403,0.214,67,8.18,548,87.15,1
f355a2a07982341bcafda00ed2abb604504fdc5295686db581aa2070fb518b3e,30,61,30,1.0,2.033333333333333,2.92,15,1,0.508,1.0,0.767,0.678,0.462,0.31,64,3.56,228,43.5,2
f3d99c0db5449980ac699a2ef199f23eaff5c4808e5f5ec601922b62da939830,30,177,28,0.933,5.9,4.66,20,1,0.831,0.933,0.133,0.348,0.419,0.466,70,12.79,895,48.65,1
f3f68937b7087b8fa82118be631d144b10b8c5391b8a16f2affa093c1957edb1,30,260,22,0.733,8.666666666666666,14.74,78,1,0.885,0.733,0.3,0.353,0.398,0.5,70,14.47,1013,29.25,3
f421319a6d338f4c75d9ce493c2ab35aa31da5115a045fb9149446903d5f1141,30,94,23,0.767,3.1333333333333333,2.13,9,1,0.681,0.767,0.233,0.474,0.446,0.323,62,7.05,437,72.98,1
f429e88015e43d43626052e8601b4c7215afaf3f23181ed677fa698fbee2a91d,26,193,21,0.808,7.423076923076923,10.44,54,1,0.865,0.808,0.154,0.395,0.372,0.316,67,13.91,932,81.9,3
f443bbd96f97f46715406d27b026e030447ad9e96d55300a62dcdb54bf95a4f3,30,143,29,0.967,4.766666666666667,3.96,15,1,0.79,0.967,0.2,0.422,0.411,0.332,66,7.85,518,86.44,1
f44c5e0a30d5deb361269102ae90c47064e59c34af27b3dcc610c74ae5ad926e,30,245,25,0.833,8.166666666666666,7.52,24,1,0.878,0.833,0.133,0.302,0.404,0.586,62,14.9,924,33.91,3
f4972b61ad2f1c8822cfb700c14259accc67203e071bfe0ab462fa45013214d5,30,51,30,1.0,1.7,1.32,5,1,0.412,1.0,0.733,0.698,0.459,0.286,65,3.05,198,59.92,2
f4a36ebc5b628a049e769ccc2ae8e21a561ca689717f0b342b96c8ede09c0219,30,140,29,0.967,4.666666666666667,4.52,15,1,0.786,0.967,0.333,0.404,0.431,0.452,66,9.38,619,52.16,1
f4b74579b24f01184daa9edb1156247211fb4f6b67b8ec3b81814e8eeb8791fd,30,102,30,1.0,3.4,3.14,11,1,0.706,1.0,0.4,0.453,0.456,0.407,62,6.35,394,72.21,1
f4d906c345eef030a0d881ef52bba910c24630febc66ea83ab51337796574ec8,30,116,29,0.967,3.866666666666666,3.89,21,1,0.741,0.967,0.233,0.522,0.39,0.218,64,6.25,400,67.25,1
f70822cd6df70ca803faab8f3ced1db0f050468f31dcfedc1a20ad578382da45,30,155,30,1.0,5.166666666666667,5.31,24,1,0.806,1.0,0.333,0.499,0.448,0.36,63,8.9,561,42.75,1
f760a203bac325e547a23dd4a2f26a4109aadbeb44408262aea01f937e3a397e,30,369,25,0.833,12.3,11.43,49,1,0.919,0.833,0.067,0.302,0.374,0.458,69,25.0,1725,67.88,3
f837bce807410ac6f8b52fcee81a1ffaa2d7f77755861f2e6f2b482bff0f6fe9,30,387,30,1.0,12.9,16.71,67,1,0.922,1.0,0.167,0.359,0.357,0.317,63,29.14,1836,80.65,3
f8bb8ac0d0154c94f2a489b32ef5035239939cede87f998e2599dba7fe378ab6,30,208,20,0.667,6.933333333333334,4.81,17,1,0.856,0.667,0.133,0.374,0.389,0.416,64,14.44,924,86.26,0
f8dac969c272aabb2ba0adebac1b711f0f174a8288053069be5391c65bb027c3,30,128,30,1.0,4.266666666666667,4.16,16,1,0.766,1.0,0.3,0.383,0.453,0.548,65,9.18,597,46.94,1
f90a856f26ac85aa8d9964fd692f94ca3c196fb21ffb78ddc64c384f19de95d9,30,108,30,1.0,3.6,3.98,22,1,0.722,1.0,0.3,0.45,0.474,0.489,63,5.63,355,22.75,1
f933272f6c291384b9d3d937a7fb4122ebf5a47fd9362ef3b8f6213f2b0660dc,30,101,30,1.0,3.3666666666666667,5.18,25,1,0.703,1.0,0.467,0.523,0.474,0.426,65,5.89,383,51.0,1
f957373d2a222c4eb2d4a1ff4cb458e3bebf9e8e6e6d09515d4e23c376f39647,30,170,29,0.967,5.666666666666667,6.66,29,1,0.824,0.967,0.3,0.421,0.446,0.472,65,10.17,661,55.4,1
f9a459fa3ddd5b14d229dc44184452d5ad5700ded46bca132647340ff5778ab1,30,53,29,0.967,1.7666666666666666,1.91,9,1,0.434,0.967,0.767,0.678,0.451,0.28,61,3.9,238,47.25,2
f9a8ea52803b55fada3310dd43a447a99dc03507c2607b06de916f5141da831a,29,105,23,0.793,3.6206896551724137,3.33,14,1,0.724,0.793,0.345,0.442,0.419,0.364,68,5.46,371,66.46,1
fa02750bf6f9eb536fbbeade8fe7bbc22648f59dabe562a4e32b8a58c4d3d1ff,30,66,29,0.967,2.2,1.95,9,1,0.545,0.967,0.6,0.546,0.484,0.429,64,6.28,402,27.53,2
fa57bd66cb6354a6d8af1e7b47b28589e586bf1303a9080652bf2cfe6b9bbab4,30,82,30,1.0,2.7333333333333334,4.06,22,1,0.634,1.0,0.5,0.464,0.488,0.496,62,7.06,438,48.0,1
fa7805c1d46ef49851de43750a665a993eef750b560159967106d3b96821759c,30,563,29,0.967,18.766666666666666,14.01,54,3,0.947,0.967,0.0,0.386,0.377,0.317,65,35.62,2315,69.63,3
fabe1f519ce6f051ce768bda372a3e32059c13ea3f191380b04a004b83caa61b,29,216,24,0.828,7.448275862068965,6.96,28,1,0.866,0.828,0.172,0.326,0.409,0.537,65,17.42,1132,66.93,3
fbb2114bce5532072b39ce9c805ea99509830cc0c4c36b58ea813398307284ed,30,235,28,0.933,7.833333333333333,7.85,29,1,0.872,0.933,0.133,0.327,0.385,0.429,66,16.88,1114,88.01,3
fcc829e7dd1db87335c46064982f06853c8a5c39399202b284952458b04f0d5d,30,71,29,0.967,2.3666666666666667,3.76,19,1,0.577,0.967,0.733,0.719,0.389,0.2,62,3.61,224,53.91,2
fcf731e2be9a1377e7aed9c84be49e59ff2b3595fd86235d37d58011462b8fcf,30,141,29,0.967,4.7,5.94,27,1,0.787,0.967,0.333,0.336,0.423,0.483,65,12.49,812,55.16,1
fd3422d11e9fdacf030f74df8a97aef973337371c49d6746fa29e06a4e54888b,30,165,29,0.967,5.5,6.92,22,1,0.818,0.967,0.467,0.472,0.401,0.271,64,9.89,633,93.5,1
fd8111a7935742d5d198fb6ba2224bf1b772974b7c17e145837a4bc4512efe8a,30,195,29,0.967,6.5,6.83,30,1,0.846,0.967,0.2,0.408,0.414,0.347,70,11.79,825,71.93,1
fd928febd4e90f39aa15d8f4f70215bbc4e20e5c40d245628c6f8e73f7b4d16a,30,258,25,0.833,8.6,12.78,64,1,0.884,0.833,0.2,0.382,0.361,0.314,62,18.77,1164,74.47,3
fe48d6db483ac4bd61b017d826272e803a5ba40fca9dcc14ce181a1331e1fa18,20,111,19,0.95,5.55,6.92,28,1,0.82,0.95,0.35,0.428,0.44,0.462,65,10.34,672,35.25,1
fe545219144abfb405c64d3fed4f32dc348ece7afb0a814e646ef2f17e69bc7d,30,106,30,1.0,3.533333333333333,4.8,26,1,0.717,1.0,0.467,0.443,0.48,0.486,63,6.95,438,53.58,1
ff02364c8aab08a51916bd6a58bf7337b5d60939ee9b5381cce52e3ccbcd6b6d,30,232,30,1.0,7.733333333333333,9.59,38,1,0.871,1.0,0.267,0.397,0.405,0.363,70,14.39,1007,77.29,1
ff4cfd98fc176f36fa99b2bc839990d2fd13de4e59b5c4aed8f3ccb1962d249f,30,168,28,0.933,5.6,6.62,34,1,0.821,0.933,0.233,0.475,0.429,0.366,65,8.28,538,47.22,1
ff86d28801139f82f29ac25c715647674d50977478b8d8469bb07a55cfafa043,30,129,30,1.0,4.3,5.55,31,1,0.767,1.0,0.267,0.517,0.43,0.299,67,6.99,468,87.28,1
ffc3b91c3744d275e99f49e105f016732d694a76314d8cd50f25e49a0b67edc6,30,91,27,0.9,3.033333333333333,2.91,11,1,0.67,0.9,0.333,0.605,0.376,0.17,64,6.41,410,81.21,2
